候选人表,错误行号,个人项目表,错误行号,个人工作经历表,错误行号,人才表,错误行号,所有的岗位信息,错误行号
,2862,,1812,,3078,,2030,,243
,2863,,1813,,3079,,2863,,244
,2864,,1828,,3080,,2864,,245
,2865,,1829,,3081,,2865,,246
,2866,,1844,,3082,,2866,,247
,2867,,1845,,3083,,2867,,248
,2868,,1860,,3084,,2868,,249
,2869,,1861,,3085,,2869,,250
,2870,,2751,,3086,,2870,,251
,8038,,2752,,3087,,2871,,252
,8039,,2764,,3092,,2872,,253
,8040,,2765,,3093,,8040,,254
,8427,,2777,,3094,,8041,,255
,8428,,2778,,3095,,8042,,256
,8429,,2790,,3096,,8043,,261
,8430,,2791,,3097,,8044,,262
,8431,,3848,,3098,,8045,,263
,8432,,3849,,3099,,8046,,264
,9173,,3850,,3100,,8047,,265
,9174,,3853,,3101,,8048,,266
,10216,,3854,,3384,,8049,,267
,11368,,3855,,3385,,8050,,268
,12094,,3858,,4800,,9177,,269
,12936,,3859,,4801,,9178,,270
,12937,,3860,,4802,,10220,,271
,12938,,3863,,4809,,12938,,272
,12939,,3864,,4810,,12939,,273
,13343,,3865,,4811,,12940,,274
,13344,,7906,,4818,,12941,,275
,15088,,7907,,4819,,12942,,276
,15089,,7908,,4820,,12943,,277
,15256,,7909,,4827,,12944,,278
,15257,,7914,,4828,,12945,,279
,15258,,7915,,4829,,12946,,280
,15259,,7916,,13155,,13350,,281
,16070,,7917,,13156,,13351,,282
,16618,,9751,,14828,,15095,,283
,18046,,9752,,14829,,15096,,284
,18047,,9760,,14830,,15097,,285
,18048,,9761,,14831,,15264,,286
,23570,,9769,,14832,,15265,,287
,26241,,9770,,14833,,15266,,288
,30021,,9778,,14834,,15267,,289
,30022,,9779,,14835,,15268,,290
,30023,,10686,,14836,,15269,,292
,30024,,10687,,14837,,18728,,293
,30025,,10688,,14838,,18729,,294
,30026,,10695,,14839,,18730,,295
,30027,,10696,,14840,,20840,,296
,30028,,10697,,14841,,23418,,297
,31188,,10704,,14842,,23419,,298
,31189,,10705,,14843,,23420,,299
,31750,,10706,,14844,,26252,,300
,32312,,14128,,14845,,26253,,301
,34670,,14129,,14846,,26254,,302
,34671,,14130,,14847,,26255,,303
,37576,,14131,,14848,,26990,,304
,37577,,14132,,14863,,30036,,305
,37578,,14133,,16788,,30037,,306
,37579,,14134,,16789,,30038,,307
,37580,,14135,,16790,,30039,,309
,42154,,14136,,22089,,30040,,310
,42155,,14137,,22090,,30041,,311
,45541,,14138,,22091,,30042,,312
,50065,,14139,,23139,,30043,,313
,50066,,14140,,23140,,31203,,314
,50067,,14141,,23141,,31204,,315
,50068,,14142,,23144,,31211,,316
,50069,,14143,,23145,,31212,,330
,50070,,14144,,23146,,31765,,331
,50071,,14145,,27668,,31766,,332
,50072,,14146,,27669,,31767,,333
,50073,,14147,,27670,,31770,,334
,50074,,14148,,27671,,37593,,335
,50075,,14149,,27672,,37594,,336
,50076,,14150,,27673,,37595,,468
,50077,,14151,,27674,,37596,,469
,50078,,14152,,27675,,37597,,470
,50079,,14153,,27676,,37598,,471
,50080,,14154,,27677,,37599,,472
,50081,,14155,,27678,,37600,,473
,50082,,14156,,27679,,37601,,474
,50083,,14157,,27680,,37602,,479
,50084,,14158,,27681,,37603,,480
,50085,,14159,,27682,,42177,,481
,50086,,14160,,27683,,42178,,482
,50087,,14161,,27684,,42179,,483
,50088,,14162,,27685,,49802,,484
,50089,,14163,,27686,,49803,,487
,50090,,14164,,27687,,50090,,488
,50091,,14165,,27688,,50091,,489
,50092,,14668,,27689,,50092,,490
,50093,,14669,,27690,,50093,,491
,50094,,14670,,27691,,50094,,492
,50095,,14671,,27692,,50095,,493
,50096,,14672,,27693,,50096,,495
,50097,,14673,,27694,,50097,,496
,50098,,14674,,27695,,50098,,497
,50099,,14680,,27696,,50099,,498
,50100,,14681,,27697,,50100,,499
,50101,,14682,,27701,,50101,,500
,50102,,14683,,27702,,50102,,501
,50103,,14684,,27703,,50103,,502
,50104,,14685,,27704,,50104,,503
,50105,,14686,,27705,,50105,,504
,50106,,15772,,27706,,50106,,505
,50107,,15773,,27707,,50107,,506
,50108,,15774,,27708,,50108,,507
,50109,,20159,,27709,,50109,,508
,50110,,20160,,27710,,50110,,565
,,,21440,,27711,,50111,,566
,,,21441,,27712,,50112,,567
,,,21442,,27713,,50113,,568
,,,22103,,27714,,50114,,569
,,,22104,,27715,,50115,,570
,,,22108,,27716,,50116,,571
,,,22109,,27717,,50117,,572
,,,22110,,27718,,50118,,573
,,,22705,,27719,,50119,,574
,,,22706,,27720,,50120,,575
,,,22707,,27721,,50121,,576
,,,22708,,27722,,50122,,577
,,,25070,,27723,,50123,,578
,,,25093,,27724,,50124,,580
,,,25094,,27725,,50125,,581
,,,25731,,27726,,50126,,582
,,,25929,,27727,,50127,,583
,,,25930,,27728,,50128,,584
,,,25931,,27729,,50129,,585
,,,26637,,27730,,50130,,586
,,,29103,,27734,,50131,,587
,,,29104,,27735,,50132,,588
,,,29105,,27736,,50133,,589
,,,29106,,27737,,50134,,590
,,,29107,,27738,,50135,,591
,,,29108,,27739,,50136,,592
,,,29109,,27740,,50137,,593
,,,29110,,27741,,50138,,595
,,,29469,,27742,,50139,,596
,,,29470,,27743,,50140,,597
,,,29471,,27744,,50141,,598
,,,29472,,27745,,50142,,599
,,,29473,,27746,,50143,,600
,,,29474,,27747,,50144,,601
,,,29475,,27748,,50145,,602
,,,29476,,27749,,50146,,603
,,,29477,,27750,,50147,,604
,,,30738,,27751,,50148,,605
,,,30739,,27752,,50149,,606
,,,30740,,27753,,50150,,607
,,,30741,,27754,,50151,,608
,,,30742,,27755,,50152,,611
,,,30743,,27756,,50153,,612
,,,30744,,27757,,50154,,613
,,,30745,,27758,,50155,,614
,,,30746,,27759,,50156,,615
,,,31843,,27760,,50157,,616
,,,31845,,27761,,50158,,617
,,,34902,,27762,,50159,,618
,,,34903,,27763,,50160,,619
,,,34904,,27767,,50161,,620
,,,34905,,27768,,50162,,621
,,,35876,,27769,,50163,,622
,,,36577,,27770,,50164,,623
,,,36578,,27771,,,,624
,,,36579,,27772,,,,626
,,,36580,,27773,,,,627
,,,36581,,27774,,,,628
,,,36582,,27775,,,,629
,,,36583,,27776,,,,630
,,,36584,,27777,,,,631
,,,36585,,27778,,,,632
,,,36586,,27779,,,,633
,,,36587,,27780,,,,634
,,,36588,,27781,,,,635
,,,36589,,27782,,,,636
,,,36590,,27783,,,,637
,,,36591,,27784,,,,638
,,,36592,,27785,,,,639
,,,36594,,27786,,,,642
,,,36595,,27787,,,,643
,,,36596,,27788,,,,644
,,,36597,,27789,,,,645
,,,36598,,27790,,,,646
,,,36599,,27791,,,,647
,,,36600,,27792,,,,648
,,,36601,,27793,,,,649
,,,37252,,27794,,,,650
,,,38328,,27795,,,,651
,,,38329,,27796,,,,652
,,,38416,,27800,,,,653
,,,38417,,27801,,,,654
,,,38418,,27802,,,,655
,,,38419,,27803,,,,705
,,,38420,,27804,,,,706
,,,38421,,27805,,,,707
,,,38422,,27806,,,,708
,,,38423,,27807,,,,709
,,,38478,,27808,,,,710
,,,38479,,27809,,,,711
,,,38481,,27810,,,,
,,,38482,,27811,,,,
,,,38483,,27812,,,,
,,,38508,,27813,,,,
,,,38509,,27814,,,,
,,,38510,,27815,,,,
,,,38511,,27816,,,,
,,,38512,,27817,,,,
,,,38513,,27818,,,,
,,,39420,,27819,,,,
,,,39421,,27820,,,,
,,,39422,,27821,,,,
,,,39423,,27822,,,,
,,,39424,,27823,,,,
,,,46035,,27824,,,,
,,,46036,,27825,,,,
,,,46037,,27826,,,,
,,,47771,,27827,,,,
,,,47772,,27828,,,,
,,,47773,,27829,,,,
,,,47774,,27833,,,,
,,,47775,,27834,,,,
,,,47776,,27835,,,,
,,,47777,,27836,,,,
,,,47785,,27837,,,,
,,,47786,,27838,,,,
,,,47787,,27839,,,,
,,,47788,,27840,,,,
,,,47789,,27841,,,,
,,,47790,,27842,,,,
,,,47791,,27843,,,,
,,,47984,,27844,,,,
,,,49333,,27845,,,,
,,,50373,,27846,,,,
,,,50374,,27847,,,,
,,,50375,,27848,,,,
,,,50376,,27849,,,,
,,,50377,,27850,,,,
,,,50378,,27851,,,,
,,,50379,,27852,,,,
,,,50380,,27853,,,,
,,,50381,,27854,,,,
,,,50382,,27855,,,,
,,,50383,,27856,,,,
,,,50384,,27857,,,,
,,,52218,,27858,,,,
,,,52219,,27859,,,,
,,,52220,,27860,,,,
,,,52456,,27861,,,,
,,,52457,,27862,,,,
,,,52458,,27866,,,,
,,,52459,,27867,,,,
,,,52460,,27868,,,,
,,,52461,,27869,,,,
,,,52462,,27870,,,,
,,,52463,,27871,,,,
,,,52464,,27872,,,,
,,,53481,,27873,,,,
,,,53482,,27874,,,,
,,,53483,,27875,,,,
,,,53484,,27876,,,,
,,,53485,,27877,,,,
,,,53486,,27878,,,,
,,,53498,,27879,,,,
,,,53499,,27880,,,,
,,,53504,,27881,,,,
,,,53505,,27882,,,,
,,,57931,,27883,,,,
,,,57932,,27884,,,,
,,,57953,,27885,,,,
,,,57954,,27886,,,,
,,,57955,,27887,,,,
,,,57956,,27888,,,,
,,,57957,,27889,,,,
,,,58735,,27890,,,,
,,,58736,,27891,,,,
,,,58737,,27892,,,,
,,,58738,,27893,,,,
,,,63891,,27894,,,,
,,,63892,,27895,,,,
,,,63893,,27899,,,,
,,,63894,,27900,,,,
,,,63895,,27901,,,,
,,,64949,,27902,,,,
,,,64950,,27903,,,,
,,,64951,,27904,,,,
,,,64952,,27905,,,,
,,,64953,,27906,,,,
,,,64954,,27907,,,,
,,,64955,,27908,,,,
,,,64956,,27909,,,,
,,,64957,,27910,,,,
,,,65632,,27911,,,,
,,,65633,,27912,,,,
,,,65634,,27913,,,,
,,,65635,,27914,,,,
,,,65636,,27915,,,,
,,,65637,,27916,,,,
,,,65638,,27917,,,,
,,,65639,,27918,,,,
,,,65640,,27919,,,,
,,,65641,,27920,,,,
,,,65642,,27921,,,,
,,,65643,,27922,,,,
,,,65644,,27923,,,,
,,,65645,,27924,,,,
,,,65646,,27925,,,,
,,,66489,,27926,,,,
,,,66490,,27927,,,,
,,,66491,,27928,,,,
,,,66492,,27932,,,,
,,,66493,,27933,,,,
,,,67168,,27934,,,,
,,,67169,,27935,,,,
,,,67170,,27936,,,,
,,,67171,,27937,,,,
,,,71070,,27938,,,,
,,,75157,,27939,,,,
,,,75158,,27940,,,,
,,,76669,,27941,,,,
,,,76670,,27942,,,,
,,,76671,,27943,,,,
,,,76672,,27944,,,,
,,,76673,,27945,,,,
,,,77544,,27946,,,,
,,,77545,,27947,,,,
,,,79435,,27948,,,,
,,,81646,,27949,,,,
,,,81647,,27950,,,,
,,,81844,,27951,,,,
,,,81845,,27952,,,,
,,,81846,,27953,,,,
,,,81847,,27954,,,,
,,,82112,,27955,,,,
,,,82113,,27956,,,,
,,,90911,,27957,,,,
,,,90912,,27958,,,,
,,,90913,,27959,,,,
,,,90914,,27960,,,,
,,,90915,,27961,,,,
,,,90916,,27967,,,,
,,,90917,,27968,,,,
,,,90921,,27969,,,,
,,,90922,,27970,,,,
,,,90923,,27971,,,,
,,,90924,,27972,,,,
,,,90925,,27973,,,,
,,,90926,,27974,,,,
,,,90927,,27975,,,,
,,,90931,,27976,,,,
,,,90932,,27977,,,,
,,,90933,,27978,,,,
,,,90934,,27979,,,,
,,,90935,,27980,,,,
,,,90936,,27981,,,,
,,,90937,,27982,,,,
,,,90941,,27983,,,,
,,,90942,,27984,,,,
,,,90943,,27985,,,,
,,,90944,,27986,,,,
,,,90945,,27987,,,,
,,,90946,,27988,,,,
,,,90947,,27989,,,,
,,,90951,,27990,,,,
,,,90952,,27991,,,,
,,,90953,,27992,,,,
,,,90954,,27993,,,,
,,,90955,,27994,,,,
,,,90956,,27995,,,,
,,,90957,,27996,,,,
,,,90961,,30794,,,,
,,,90962,,30795,,,,
,,,90963,,30796,,,,
,,,90964,,30797,,,,
,,,90965,,30798,,,,
,,,90966,,30799,,,,
,,,90967,,30800,,,,
,,,90971,,30801,,,,
,,,90972,,30802,,,,
,,,90973,,30803,,,,
,,,90974,,30804,,,,
,,,90975,,30805,,,,
,,,90976,,30806,,,,
,,,90977,,30807,,,,
,,,90981,,30808,,,,
,,,90982,,30809,,,,
,,,90983,,30810,,,,
,,,90984,,30811,,,,
,,,90985,,30812,,,,
,,,90986,,30813,,,,
,,,90987,,30814,,,,
,,,92577,,31006,,,,
,,,92578,,31007,,,,
,,,92580,,31008,,,,
,,,92581,,31009,,,,
,,,92582,,31010,,,,
,,,92583,,31011,,,,
,,,92584,,31012,,,,
,,,92585,,31013,,,,
,,,92966,,31014,,,,
,,,92967,,31015,,,,
,,,92968,,31016,,,,
,,,97874,,31017,,,,
,,,99679,,31018,,,,
,,,99680,,31019,,,,
,,,99681,,31020,,,,
,,,99682,,31021,,,,
,,,99683,,31022,,,,
,,,99684,,31023,,,,
,,,99685,,31024,,,,
,,,99686,,31025,,,,
,,,99687,,35820,,,,
,,,99688,,35821,,,,
,,,99689,,35822,,,,
,,,100666,,36173,,,,
,,,100667,,36174,,,,
,,,100668,,40035,,,,
,,,100669,,40036,,,,
,,,104845,,40037,,,,
,,,104846,,40038,,,,
,,,105393,,40039,,,,
,,,105394,,40040,,,,
,,,105395,,40041,,,,
,,,105396,,40042,,,,
,,,105397,,40043,,,,
,,,107686,,40044,,,,
,,,107687,,40045,,,,
,,,107688,,40046,,,,
,,,107689,,42180,,,,
,,,107690,,42181,,,,
,,,107691,,45420,,,,
,,,107692,,45421,,,,
,,,107693,,46403,,,,
,,,107694,,46404,,,,
,,,107695,,46405,,,,
,,,107696,,46406,,,,
,,,107698,,46407,,,,
,,,107699,,46408,,,,
,,,107700,,46409,,,,
,,,107701,,47715,,,,
,,,107702,,47716,,,,
,,,107703,,47717,,,,
,,,107704,,47718,,,,
,,,107706,,50334,,,,
,,,107707,,50335,,,,
,,,107708,,50336,,,,
,,,107709,,50337,,,,
,,,107710,,50338,,,,
,,,107711,,50339,,,,
,,,107712,,52277,,,,
,,,107714,,52278,,,,
,,,107715,,52279,,,,
,,,107716,,57450,,,,
,,,107717,,57451,,,,
,,,107718,,57452,,,,
,,,107719,,58201,,,,
,,,107720,,58202,,,,
,,,107721,,58203,,,,
,,,107722,,58204,,,,
,,,107723,,58205,,,,
,,,107724,,58206,,,,
,,,107726,,58207,,,,
,,,107727,,58208,,,,
,,,107728,,58209,,,,
,,,107729,,58210,,,,
,,,107730,,58211,,,,
,,,107731,,58212,,,,
,,,107733,,58213,,,,
,,,107734,,58214,,,,
,,,107735,,58215,,,,
,,,107736,,58216,,,,
,,,107737,,58217,,,,
,,,107738,,58218,,,,
,,,107739,,58219,,,,
,,,108372,,58220,,,,
,,,108373,,58221,,,,
,,,108379,,58222,,,,
,,,108380,,58223,,,,
,,,108386,,58224,,,,
,,,108387,,58225,,,,
,,,108393,,58226,,,,
,,,108394,,58227,,,,
,,,108400,,58228,,,,
,,,108401,,62838,,,,
,,,110275,,62845,,,,
,,,110276,,62855,,,,
,,,110277,,62859,,,,
,,,110278,,62866,,,,
,,,110279,,64480,,,,
,,,110284,,64481,,,,
,,,110285,,64482,,,,
,,,110286,,64483,,,,
,,,110287,,64484,,,,
,,,110288,,64485,,,,
,,,118491,,64486,,,,
,,,118499,,64487,,,,
,,,118519,,64488,,,,
,,,120202,,64489,,,,
,,,120203,,75859,,,,
,,,120204,,75860,,,,
,,,120205,,75861,,,,
,,,120206,,75862,,,,
,,,120207,,75863,,,,
,,,120208,,75864,,,,
,,,120209,,75865,,,,
,,,120210,,75866,,,,
,,,120211,,75867,,,,
,,,120212,,75868,,,,
,,,120213,,75869,,,,
,,,120223,,75870,,,,
,,,120224,,75871,,,,
,,,120225,,75872,,,,
,,,120226,,75873,,,,
,,,120227,,75874,,,,
,,,120228,,75875,,,,
,,,120229,,75876,,,,
,,,120230,,75877,,,,
,,,120231,,75878,,,,
,,,120232,,75879,,,,
,,,120233,,75880,,,,
,,,120234,,75881,,,,
,,,120238,,75885,,,,
,,,120239,,75886,,,,
,,,120240,,75887,,,,
,,,120241,,75888,,,,
,,,120242,,75889,,,,
,,,120243,,75890,,,,
,,,120244,,75891,,,,
,,,120245,,75892,,,,
,,,120246,,75893,,,,
,,,120247,,75894,,,,
,,,120248,,75895,,,,
,,,120249,,75896,,,,
,,,125837,,75897,,,,
,,,125838,,75898,,,,
,,,125839,,75899,,,,
,,,125840,,75900,,,,
,,,125841,,75901,,,,
,,,125842,,75902,,,,
,,,125843,,75903,,,,
,,,125844,,75904,,,,
,,,125845,,75905,,,,
,,,125846,,75906,,,,
,,,125847,,75907,,,,
,,,125852,,75909,,,,
,,,125853,,75910,,,,
,,,125854,,75911,,,,
,,,125855,,75912,,,,
,,,125856,,75913,,,,
,,,125857,,75914,,,,
,,,125858,,75915,,,,
,,,125859,,75916,,,,
,,,125860,,75917,,,,
,,,125861,,75918,,,,
,,,125862,,75919,,,,
,,,125867,,75920,,,,
,,,125868,,75921,,,,
,,,125869,,75922,,,,
,,,125870,,75923,,,,
,,,125871,,75924,,,,
,,,125872,,75925,,,,
,,,125873,,75926,,,,
,,,125874,,75927,,,,
,,,125875,,75928,,,,
,,,125876,,75929,,,,
,,,125877,,75930,,,,
,,,126416,,75931,,,,
,,,126417,,77076,,,,
,,,126423,,77080,,,,
,,,126424,,127246,,,,
,,,126599,,127247,,,,
,,,126600,,127248,,,,
,,,126601,,127249,,,,
,,,126607,,127250,,,,
,,,126608,,163536,,,,
,,,126609,,163537,,,,
,,,126615,,163538,,,,
,,,126616,,163539,,,,
,,,126617,,166053,,,,
,,,131696,,166054,,,,
,,,131703,,166055,,,,
,,,131705,,166061,,,,
,,,131706,,166062,,,,
,,,131707,,166063,,,,
,,,131708,,166069,,,,
,,,131709,,166070,,,,
,,,131710,,166071,,,,
,,,131711,,167720,,,,
,,,131712,,167721,,,,
,,,131713,,167722,,,,
,,,131714,,167723,,,,
,,,131715,,167724,,,,
,,,131716,,167725,,,,
,,,131717,,167726,,,,
,,,131718,,167727,,,,
,,,131719,,167728,,,,
,,,131720,,167729,,,,
,,,131721,,167730,,,,
,,,131722,,167731,,,,
,,,131723,,167732,,,,
,,,131724,,167733,,,,
,,,131725,,167734,,,,
,,,131786,,167735,,,,
,,,131793,,167736,,,,
,,,131795,,167737,,,,
,,,131796,,167738,,,,
,,,131797,,167739,,,,
,,,131798,,167740,,,,
,,,131799,,167741,,,,
,,,131800,,167742,,,,
,,,131801,,167743,,,,
,,,131802,,167744,,,,
,,,131803,,167745,,,,
,,,131804,,167746,,,,
,,,131805,,167747,,,,
,,,131806,,167748,,,,
,,,131807,,167749,,,,
,,,131808,,167750,,,,
,,,131809,,167751,,,,
,,,131810,,167752,,,,
,,,131811,,167753,,,,
,,,131812,,167754,,,,
,,,131813,,167755,,,,
,,,131814,,167756,,,,
,,,131815,,167757,,,,
,,,131840,,167758,,,,
,,,131847,,167759,,,,
,,,131849,,167760,,,,
,,,131850,,167761,,,,
,,,131851,,167762,,,,
,,,131852,,167763,,,,
,,,131853,,167764,,,,
,,,131854,,167765,,,,
,,,131855,,167766,,,,
,,,131856,,167767,,,,
,,,131857,,167768,,,,
,,,131858,,181624,,,,
,,,131859,,181625,,,,
,,,131860,,181626,,,,
,,,131861,,181627,,,,
,,,131862,,181628,,,,
,,,131863,,181629,,,,
,,,131864,,181630,,,,
,,,131865,,181635,,,,
,,,131866,,181636,,,,
,,,131867,,181637,,,,
,,,131868,,181638,,,,
,,,131869,,181639,,,,
,,,136940,,181640,,,,
,,,137336,,181641,,,,
,,,137337,,181646,,,,
,,,137343,,181647,,,,
,,,137344,,181648,,,,
,,,137415,,181649,,,,
,,,137416,,181650,,,,
,,,137417,,181651,,,,
,,,137418,,181652,,,,
,,,137419,,181657,,,,
,,,137420,,181658,,,,
,,,137421,,181659,,,,
,,,137423,,181660,,,,
,,,137424,,181661,,,,
,,,137425,,181662,,,,
,,,137426,,181663,,,,
,,,137427,,181668,,,,
,,,137428,,181669,,,,
,,,137429,,181670,,,,
,,,137724,,181671,,,,
,,,137725,,181672,,,,
,,,137726,,181673,,,,
,,,137727,,181674,,,,
,,,137728,,181679,,,,
,,,140064,,181680,,,,
,,,140065,,181681,,,,
,,,140066,,181682,,,,
,,,140067,,181683,,,,
,,,140068,,181684,,,,
,,,140073,,181685,,,,
,,,140074,,181690,,,,
,,,140075,,181691,,,,
,,,140076,,181692,,,,
,,,140077,,181693,,,,
,,,140082,,181694,,,,
,,,140083,,181695,,,,
,,,140084,,181696,,,,
,,,140085,,181701,,,,
,,,140086,,181702,,,,
,,,140091,,181703,,,,
,,,140092,,181704,,,,
,,,140093,,181705,,,,
,,,140094,,181706,,,,
,,,140095,,181707,,,,
,,,140100,,181712,,,,
,,,140101,,181713,,,,
,,,140102,,181714,,,,
,,,140103,,181715,,,,
,,,140104,,181716,,,,
,,,140109,,181717,,,,
,,,140110,,181718,,,,
,,,140111,,181723,,,,
,,,140112,,181724,,,,
,,,140113,,181725,,,,
,,,140118,,181726,,,,
,,,140119,,181727,,,,
,,,140120,,181728,,,,
,,,140121,,181729,,,,
,,,140122,,181734,,,,
,,,198275,,181735,,,,
,,,198276,,181736,,,,
,,,198277,,181737,,,,
,,,198278,,181738,,,,
,,,198279,,181739,,,,
,,,198280,,181740,,,,
,,,198281,,188838,,,,
,,,230138,,188839,,,,
,,,230139,,188840,,,,
,,,230140,,188841,,,,
,,,230141,,188842,,,,
,,,230142,,188843,,,,
,,,230143,,188844,,,,
,,,230593,,188845,,,,
,,,230594,,188846,,,,
,,,230598,,188847,,,,
,,,230599,,188848,,,,
,,,230603,,188849,,,,
,,,230604,,188850,,,,
,,,230608,,188855,,,,
,,,230609,,188856,,,,
,,,230613,,188857,,,,
,,,230614,,188858,,,,
,,,230618,,188859,,,,
,,,230619,,188860,,,,
,,,230702,,188861,,,,
,,,230703,,188862,,,,
,,,230704,,188863,,,,
,,,232420,,188864,,,,
,,,232421,,188865,,,,
,,,232422,,188866,,,,
,,,232423,,188867,,,,
,,,232424,,191129,,,,
,,,232425,,191130,,,,
,,,232426,,191131,,,,
,,,232427,,191132,,,,
,,,232428,,191133,,,,
,,,233672,,191134,,,,
,,,233673,,191135,,,,
,,,233674,,191136,,,,
,,,233675,,191137,,,,
,,,233676,,191138,,,,
,,,233677,,191139,,,,
,,,234759,,191140,,,,
,,,234760,,191141,,,,
,,,234761,,197607,,,,
,,,234762,,197608,,,,
,,,234763,,197609,,,,
,,,235349,,197610,,,,
,,,235350,,197611,,,,
,,,235351,,197612,,,,
,,,235352,,197613,,,,
,,,235353,,197614,,,,
,,,235354,,197615,,,,
,,,235355,,197616,,,,
,,,235356,,197617,,,,
,,,235357,,197618,,,,
,,,235358,,197619,,,,
,,,235359,,197620,,,,
,,,235360,,197621,,,,
,,,235361,,198820,,,,
,,,235362,,198821,,,,
,,,235363,,198822,,,,
,,,235364,,198823,,,,
,,,235365,,198824,,,,
,,,235366,,198825,,,,
,,,235367,,198826,,,,
,,,235368,,198827,,,,
,,,235369,,198828,,,,
,,,235370,,198829,,,,
,,,235371,,198830,,,,
,,,235372,,198842,,,,
,,,235373,,198843,,,,
,,,235374,,198844,,,,
,,,235375,,198845,,,,
,,,235376,,198846,,,,
,,,235377,,198847,,,,
,,,235378,,198848,,,,
,,,235379,,198849,,,,
,,,235380,,198850,,,,
,,,235381,,198851,,,,
,,,235382,,198852,,,,
,,,235383,,231607,,,,
,,,236380,,231608,,,,
,,,236381,,231609,,,,
,,,236382,,231610,,,,
,,,236388,,231611,,,,
,,,236389,,231612,,,,
,,,236390,,231613,,,,
,,,236396,,231614,,,,
,,,236397,,231615,,,,
,,,236398,,231619,,,,
,,,236404,,231620,,,,
,,,236405,,231621,,,,
,,,236406,,231622,,,,
,,,236412,,231623,,,,
,,,236413,,231624,,,,
,,,236414,,231625,,,,
,,,237892,,231626,,,,
,,,237893,,231627,,,,
,,,237894,,231631,,,,
,,,237895,,231632,,,,
,,,237896,,231633,,,,
,,,237897,,231634,,,,
,,,237902,,231635,,,,
,,,237903,,231636,,,,
,,,237904,,231637,,,,
,,,237905,,231638,,,,
,,,237906,,231639,,,,
,,,237907,,234273,,,,
,,,247616,,234274,,,,
,,,247617,,234275,,,,
,,,247618,,234276,,,,
,,,247962,,234277,,,,
,,,247963,,234278,,,,
,,,247964,,234279,,,,
,,,247965,,234282,,,,
,,,247966,,234283,,,,
,,,247967,,234284,,,,
,,,247968,,234285,,,,
,,,248426,,237560,,,,
,,,248427,,237561,,,,
,,,248428,,237562,,,,
,,,248429,,237563,,,,
,,,248430,,237564,,,,
,,,255779,,237565,,,,
,,,255780,,237566,,,,
,,,255785,,237567,,,,
,,,255786,,237568,,,,
,,,255791,,237569,,,,
,,,255792,,237570,,,,
,,,255797,,237571,,,,
,,,255798,,237574,,,,
,,,255803,,237575,,,,
,,,255804,,237576,,,,
,,,260498,,237577,,,,
,,,260499,,237578,,,,
,,,260500,,237579,,,,
,,,260501,,237580,,,,
,,,260502,,237581,,,,
,,,260503,,237582,,,,
,,,260504,,237583,,,,
,,,260505,,237584,,,,
,,,260506,,237585,,,,
,,,260509,,237588,,,,
,,,260510,,237589,,,,
,,,260511,,237590,,,,
,,,260512,,237591,,,,
,,,260513,,237592,,,,
,,,260514,,237593,,,,
,,,260515,,237594,,,,
,,,260516,,237595,,,,
,,,260517,,237596,,,,
,,,260520,,237597,,,,
,,,260521,,237598,,,,
,,,260522,,237599,,,,
,,,260523,,237602,,,,
,,,260524,,237603,,,,
,,,260525,,237604,,,,
,,,260526,,237605,,,,
,,,260527,,237606,,,,
,,,260528,,237607,,,,
,,,260531,,237608,,,,
,,,260532,,237609,,,,
,,,260533,,237610,,,,
,,,260534,,237611,,,,
,,,260535,,237612,,,,
,,,260536,,237613,,,,
,,,260537,,242343,,,,
,,,260538,,242344,,,,
,,,260539,,242345,,,,
,,,260542,,242346,,,,
,,,260543,,242347,,,,
,,,260544,,242348,,,,
,,,260545,,242351,,,,
,,,260546,,242352,,,,
,,,260547,,242353,,,,
,,,260548,,242354,,,,
,,,260549,,242355,,,,
,,,260550,,242356,,,,
,,,260553,,242359,,,,
,,,260554,,242360,,,,
,,,260555,,242361,,,,
,,,260556,,242362,,,,
,,,260557,,242363,,,,
,,,260558,,242364,,,,
,,,260559,,242367,,,,
,,,260560,,242368,,,,
,,,260561,,242369,,,,
,,,260564,,242370,,,,
,,,260565,,242371,,,,
,,,260566,,242372,,,,
,,,260567,,242375,,,,
,,,260568,,242376,,,,
,,,260569,,242377,,,,
,,,260570,,242378,,,,
,,,260571,,242379,,,,
,,,260572,,242380,,,,
,,,260575,,242383,,,,
,,,260576,,242384,,,,
,,,260577,,242385,,,,
,,,260578,,242386,,,,
,,,260579,,242387,,,,
,,,260580,,242388,,,,
,,,260581,,242391,,,,
,,,260582,,242392,,,,
,,,260583,,242393,,,,
,,,264384,,242394,,,,
,,,264385,,242395,,,,
,,,264386,,242396,,,,
,,,264387,,242399,,,,
,,,264388,,242400,,,,
,,,264389,,242401,,,,
,,,264390,,242402,,,,
,,,264391,,242403,,,,
,,,264394,,242404,,,,
,,,264395,,242407,,,,
,,,264396,,242408,,,,
,,,264397,,242409,,,,
,,,264398,,242410,,,,
,,,264399,,242411,,,,
,,,264400,,242412,,,,
,,,264401,,242753,,,,
,,,264404,,242754,,,,
,,,264405,,242755,,,,
,,,264406,,242756,,,,
,,,264407,,242757,,,,
,,,264408,,242758,,,,
,,,264409,,242759,,,,
,,,264410,,242760,,,,
,,,264411,,242761,,,,
,,,264414,,242762,,,,
,,,264415,,242763,,,,
,,,264416,,242764,,,,
,,,264417,,242765,,,,
,,,264418,,242766,,,,
,,,264419,,242767,,,,
,,,264420,,242768,,,,
,,,264421,,242769,,,,
,,,264424,,242770,,,,
,,,264425,,242771,,,,
,,,264426,,242772,,,,
,,,264427,,256647,,,,
,,,264428,,256648,,,,
,,,264429,,256649,,,,
,,,264430,,276272,,,,
,,,264431,,276273,,,,
,,,265906,,276274,,,,
,,,265907,,276275,,,,
,,,265908,,276276,,,,
,,,265909,,276277,,,,
,,,265910,,276278,,,,
,,,265911,,276281,,,,
,,,265912,,276282,,,,
,,,265913,,276283,,,,
,,,265914,,276284,,,,
,,,265915,,276285,,,,
,,,265916,,276286,,,,
,,,265917,,276287,,,,
,,,265918,,276492,,,,
,,,265919,,276493,,,,
,,,265932,,276494,,,,
,,,265933,,276495,,,,
,,,265934,,276501,,,,
,,,265935,,276502,,,,
,,,265936,,276503,,,,
,,,265937,,276504,,,,
,,,265938,,276510,,,,
,,,265939,,276511,,,,
,,,265940,,276512,,,,
,,,265941,,276513,,,,
,,,265942,,281209,,,,
,,,265943,,282997,,,,
,,,265944,,282998,,,,
,,,265945,,282999,,,,
,,,265958,,283000,,,,
,,,265959,,283001,,,,
,,,265960,,283002,,,,
,,,265961,,283003,,,,
,,,265962,,283004,,,,
,,,265963,,283005,,,,
,,,265964,,283006,,,,
,,,265965,,283007,,,,
,,,265966,,283008,,,,
,,,265967,,283009,,,,
,,,265968,,283010,,,,
,,,265969,,283011,,,,
,,,265970,,283012,,,,
,,,265971,,283013,,,,
,,,265984,,283014,,,,
,,,265985,,283015,,,,
,,,265986,,283016,,,,
,,,265987,,283017,,,,
,,,265988,,283018,,,,
,,,265989,,283019,,,,
,,,265990,,283020,,,,
,,,265991,,283021,,,,
,,,265992,,283027,,,,
,,,265993,,283028,,,,
,,,265994,,283029,,,,
,,,265995,,283030,,,,
,,,265996,,283031,,,,
,,,265997,,283032,,,,
,,,269630,,283033,,,,
,,,269631,,283034,,,,
,,,271722,,283035,,,,
,,,271723,,283036,,,,
,,,271735,,283037,,,,
,,,271736,,283038,,,,
,,,271748,,283039,,,,
,,,271749,,283040,,,,
,,,271761,,283041,,,,
,,,271762,,283042,,,,
,,,272144,,283043,,,,
,,,272145,,283044,,,,
,,,272146,,283045,,,,
,,,272147,,283046,,,,
,,,272148,,283047,,,,
,,,272149,,283048,,,,
,,,272150,,283049,,,,
,,,272151,,283050,,,,
,,,272152,,283051,,,,
,,,272153,,283057,,,,
,,,272154,,283058,,,,
,,,272158,,283059,,,,
,,,272159,,283060,,,,
,,,272160,,283061,,,,
,,,272161,,283062,,,,
,,,272162,,283063,,,,
,,,272163,,283064,,,,
,,,272164,,283065,,,,
,,,272165,,283066,,,,
,,,272166,,283067,,,,
,,,272167,,283068,,,,
,,,272168,,283069,,,,
,,,272172,,283070,,,,
,,,272173,,283071,,,,
,,,272174,,283072,,,,
,,,272175,,283073,,,,
,,,272176,,283074,,,,
,,,272177,,283075,,,,
,,,272178,,283076,,,,
,,,272179,,283077,,,,
,,,272180,,283078,,,,
,,,272181,,283079,,,,
,,,272182,,283080,,,,
,,,272186,,283081,,,,
,,,272187,,283087,,,,
,,,272188,,283088,,,,
,,,272189,,283089,,,,
,,,272190,,283090,,,,
,,,272191,,283091,,,,
,,,272192,,283092,,,,
,,,272193,,283093,,,,
,,,272194,,283094,,,,
,,,272195,,283095,,,,
,,,272196,,283096,,,,
,,,272200,,283097,,,,
,,,272201,,283098,,,,
,,,272202,,283099,,,,
,,,272203,,283100,,,,
,,,272204,,283101,,,,
,,,272205,,283102,,,,
,,,272206,,283103,,,,
,,,272207,,283104,,,,
,,,272208,,283105,,,,
,,,272209,,283106,,,,
,,,272210,,283107,,,,
,,,272214,,283108,,,,
,,,272215,,283109,,,,
,,,272216,,283110,,,,
,,,272217,,283111,,,,
,,,272218,,283117,,,,
,,,272219,,283118,,,,
,,,272220,,283119,,,,
,,,272221,,283120,,,,
,,,272222,,283121,,,,
,,,272223,,283122,,,,
,,,272224,,283123,,,,
,,,272228,,283124,,,,
,,,272229,,283125,,,,
,,,272230,,283126,,,,
,,,272231,,283127,,,,
,,,272232,,283128,,,,
,,,272233,,283129,,,,
,,,272234,,283130,,,,
,,,272235,,283131,,,,
,,,272236,,283132,,,,
,,,272237,,283133,,,,
,,,272238,,283134,,,,
,,,272242,,283135,,,,
,,,272243,,283136,,,,
,,,272244,,283137,,,,
,,,272245,,283138,,,,
,,,272246,,283139,,,,
,,,272247,,283140,,,,
,,,272248,,283141,,,,
,,,272249,,283147,,,,
,,,272250,,283148,,,,
,,,272251,,283149,,,,
,,,272252,,283150,,,,
,,,272256,,283151,,,,
,,,272257,,283152,,,,
,,,272258,,283153,,,,
,,,272259,,283154,,,,
,,,272260,,283155,,,,
,,,272261,,283156,,,,
,,,272262,,283157,,,,
,,,272263,,283158,,,,
,,,272264,,283159,,,,
,,,272265,,283160,,,,
,,,272266,,283161,,,,
,,,273649,,283162,,,,
,,,273650,,283163,,,,
,,,274710,,283164,,,,
,,,274711,,283165,,,,
,,,274712,,283166,,,,
,,,274715,,283167,,,,
,,,274716,,283168,,,,
,,,274717,,283169,,,,
,,,274720,,283170,,,,
,,,274723,,283171,,,,
,,,274724,,283177,,,,
,,,274725,,283178,,,,
,,,274729,,283179,,,,
,,,274730,,283180,,,,
,,,274731,,283181,,,,
,,,274734,,283182,,,,
,,,274735,,283183,,,,
,,,274736,,283184,,,,
,,,274903,,283185,,,,
,,,274904,,283186,,,,
,,,274905,,283187,,,,
,,,274906,,283188,,,,
,,,274907,,283189,,,,
,,,274908,,283190,,,,
,,,274909,,283191,,,,
,,,274910,,283192,,,,
,,,274911,,283193,,,,
,,,274916,,283194,,,,
,,,274917,,283195,,,,
,,,274918,,283196,,,,
,,,274919,,283197,,,,
,,,274920,,283198,,,,
,,,274921,,283199,,,,
,,,274922,,283200,,,,
,,,274923,,283201,,,,
,,,274924,,283207,,,,
,,,276126,,283208,,,,
,,,276127,,283209,,,,
,,,276128,,283210,,,,
,,,276129,,283211,,,,
,,,276130,,283212,,,,
,,,276131,,283213,,,,
,,,276132,,283214,,,,
,,,276136,,283215,,,,
,,,276137,,283216,,,,
,,,276138,,283217,,,,
,,,276139,,283218,,,,
,,,276140,,283219,,,,
,,,276141,,283220,,,,
,,,276142,,283221,,,,
,,,276146,,283222,,,,
,,,276147,,283223,,,,
,,,276148,,283224,,,,
,,,276149,,283225,,,,
,,,276150,,283226,,,,
,,,276151,,283227,,,,
,,,276152,,283228,,,,
,,,276156,,283229,,,,
,,,276157,,283230,,,,
,,,276158,,283231,,,,
,,,276159,,283237,,,,
,,,276160,,283238,,,,
,,,276161,,283239,,,,
,,,276162,,283240,,,,
,,,276166,,283241,,,,
,,,276167,,283242,,,,
,,,276168,,283243,,,,
,,,276169,,283244,,,,
,,,276170,,283245,,,,
,,,276171,,283246,,,,
,,,276172,,283247,,,,
,,,276176,,283248,,,,
,,,276177,,283249,,,,
,,,276178,,283250,,,,
,,,276179,,283251,,,,
,,,276180,,283252,,,,
,,,276181,,283253,,,,
,,,276182,,283254,,,,
,,,276186,,283255,,,,
,,,276187,,283256,,,,
,,,276188,,283257,,,,
,,,276189,,283258,,,,
,,,276190,,283259,,,,
,,,276191,,283260,,,,
,,,276192,,283261,,,,
,,,276196,,283267,,,,
,,,276197,,283268,,,,
,,,276198,,283269,,,,
,,,276199,,283270,,,,
,,,276200,,283271,,,,
,,,276201,,283272,,,,
,,,276202,,283273,,,,
,,,276206,,283274,,,,
,,,276207,,283275,,,,
,,,276208,,283276,,,,
,,,276209,,283277,,,,
,,,276210,,283278,,,,
,,,276211,,283279,,,,
,,,276212,,283280,,,,
,,,277024,,283281,,,,
,,,277035,,283282,,,,
,,,309087,,283283,,,,
,,,309088,,283284,,,,
,,,309095,,283285,,,,
,,,309096,,283286,,,,
,,,309103,,283287,,,,
,,,309104,,283288,,,,
,,,309121,,283289,,,,
,,,309122,,283290,,,,
,,,309129,,283291,,,,
,,,309130,,283297,,,,
,,,310173,,283298,,,,
,,,310174,,283299,,,,
,,,310175,,283300,,,,
,,,310176,,283301,,,,
,,,310177,,283302,,,,
,,,310178,,283303,,,,
,,,310179,,283304,,,,
,,,310180,,283305,,,,
,,,310181,,283306,,,,
,,,310182,,283307,,,,
,,,310183,,283308,,,,
,,,310184,,283309,,,,
,,,310185,,283310,,,,
,,,310186,,283311,,,,
,,,310187,,283312,,,,
,,,310188,,283313,,,,
,,,310189,,283314,,,,
,,,310190,,283315,,,,
,,,310191,,283316,,,,
,,,310197,,283317,,,,
,,,310198,,283318,,,,
,,,310199,,283319,,,,
,,,310200,,283320,,,,
,,,310201,,283321,,,,
,,,310202,,283327,,,,
,,,310203,,283328,,,,
,,,310204,,283329,,,,
,,,310205,,283330,,,,
,,,310206,,283331,,,,
,,,310207,,283332,,,,
,,,310208,,283333,,,,
,,,310209,,283334,,,,
,,,310210,,283335,,,,
,,,310211,,283336,,,,
,,,310212,,283337,,,,
,,,310213,,283338,,,,
,,,310214,,283339,,,,
,,,310215,,283340,,,,
,,,310221,,283341,,,,
,,,310222,,283342,,,,
,,,310223,,283343,,,,
,,,310224,,283344,,,,
,,,310225,,283345,,,,
,,,310226,,283346,,,,
,,,310227,,283347,,,,
,,,310228,,283348,,,,
,,,310229,,283349,,,,
,,,310230,,283350,,,,
,,,310231,,283351,,,,
,,,310232,,283357,,,,
,,,310233,,283358,,,,
,,,310234,,283359,,,,
,,,310235,,283360,,,,
,,,310236,,283361,,,,
,,,310237,,283362,,,,
,,,310238,,283363,,,,
,,,310239,,283364,,,,
,,,313349,,283365,,,,
,,,313350,,283366,,,,
,,,313351,,283367,,,,
,,,313352,,283368,,,,
,,,313353,,283369,,,,
,,,313356,,283370,,,,
,,,313357,,283371,,,,
,,,313358,,283372,,,,
,,,313359,,283373,,,,
,,,313360,,283374,,,,
,,,313361,,283375,,,,
,,,313362,,283376,,,,
,,,313363,,283377,,,,
,,,313364,,283378,,,,
,,,313584,,283379,,,,
,,,313585,,283380,,,,
,,,313586,,283381,,,,
,,,313587,,283387,,,,
,,,313588,,283388,,,,
,,,313589,,283389,,,,
,,,313590,,283390,,,,
,,,313591,,283391,,,,
,,,313592,,283392,,,,
,,,313593,,283393,,,,
,,,313594,,283394,,,,
,,,313595,,283395,,,,
,,,313596,,283396,,,,
,,,313597,,283397,,,,
,,,313603,,283398,,,,
,,,313604,,283399,,,,
,,,313605,,283400,,,,
,,,313606,,283401,,,,
,,,313607,,283402,,,,
,,,313608,,283403,,,,
,,,313609,,283404,,,,
,,,313610,,283405,,,,
,,,313611,,283406,,,,
,,,313612,,283407,,,,
,,,313613,,283408,,,,
,,,313614,,283409,,,,
,,,313615,,283410,,,,
,,,313616,,283411,,,,
,,,313622,,283417,,,,
,,,313623,,283418,,,,
,,,313624,,283419,,,,
,,,313625,,283420,,,,
,,,313626,,283421,,,,
,,,313627,,283422,,,,
,,,313628,,283423,,,,
,,,313629,,283424,,,,
,,,313630,,283425,,,,
,,,313631,,283426,,,,
,,,313632,,283427,,,,
,,,313633,,283428,,,,
,,,313634,,283429,,,,
,,,313635,,283430,,,,
,,,313641,,283431,,,,
,,,313642,,283432,,,,
,,,313643,,283433,,,,
,,,313644,,283434,,,,
,,,313645,,283435,,,,
,,,313646,,283436,,,,
,,,313647,,283437,,,,
,,,313648,,283438,,,,
,,,313649,,283439,,,,
,,,313650,,283440,,,,
,,,313651,,283441,,,,
,,,313652,,283447,,,,
,,,313653,,283448,,,,
,,,313654,,283449,,,,
,,,314596,,283450,,,,
,,,314597,,283451,,,,
,,,314598,,283452,,,,
,,,314599,,283453,,,,
,,,314600,,283454,,,,
,,,314601,,283455,,,,
,,,314602,,283456,,,,
,,,314603,,283457,,,,
,,,314604,,283458,,,,
,,,314605,,283459,,,,
,,,319345,,283460,,,,
,,,319346,,283461,,,,
,,,319347,,283462,,,,
,,,319348,,283463,,,,
,,,319349,,283464,,,,
,,,319350,,283465,,,,
,,,319351,,283466,,,,
,,,319352,,283467,,,,
,,,319353,,283468,,,,
,,,319354,,283469,,,,
,,,319355,,283470,,,,
,,,319356,,283471,,,,
,,,319357,,284475,,,,
,,,319358,,284482,,,,
,,,319359,,284489,,,,
,,,319360,,284496,,,,
,,,319361,,284503,,,,
,,,319362,,284510,,,,
,,,319363,,284517,,,,
,,,319364,,284524,,,,
,,,319365,,284531,,,,
,,,319366,,284538,,,,
,,,319367,,284545,,,,
,,,319368,,284986,,,,
,,,319369,,284987,,,,
,,,319370,,284989,,,,
,,,319372,,284990,,,,
,,,319373,,284991,,,,
,,,319374,,284992,,,,
,,,319375,,284993,,,,
,,,319376,,284994,,,,
,,,319377,,284995,,,,
,,,319378,,284996,,,,
,,,319379,,284997,,,,
,,,319380,,284998,,,,
,,,319381,,286196,,,,
,,,319382,,286197,,,,
,,,319383,,286198,,,,
,,,319384,,286199,,,,
,,,319385,,286200,,,,
,,,319386,,286201,,,,
,,,319387,,286202,,,,
,,,319388,,286203,,,,
,,,319389,,286204,,,,
,,,319390,,286205,,,,
,,,319391,,291055,,,,
,,,319392,,291058,,,,
,,,319393,,291061,,,,
,,,319394,,291064,,,,
,,,319395,,292763,,,,
,,,319396,,292769,,,,
,,,319397,,292775,,,,
,,,319399,,292782,,,,
,,,319400,,292787,,,,
,,,319401,,292793,,,,
,,,319402,,292800,,,,
,,,319403,,292806,,,,
,,,319404,,294313,,,,
,,,319405,,294314,,,,
,,,319406,,294315,,,,
,,,319407,,294316,,,,
,,,319408,,294317,,,,
,,,319409,,294318,,,,
,,,319410,,294319,,,,
,,,319411,,294322,,,,
,,,319412,,294323,,,,
,,,319413,,294324,,,,
,,,319414,,294325,,,,
,,,319415,,294326,,,,
,,,319416,,294327,,,,
,,,319417,,294328,,,,
,,,319418,,294329,,,,
,,,319419,,294330,,,,
,,,319420,,294331,,,,
,,,319421,,294332,,,,
,,,319422,,298367,,,,
,,,319423,,298368,,,,
,,,319424,,300773,,,,
,,,319426,,300774,,,,
,,,319427,,300775,,,,
,,,319428,,300776,,,,
,,,319429,,300777,,,,
,,,319430,,300778,,,,
,,,319431,,300779,,,,
,,,319432,,300780,,,,
,,,319433,,300781,,,,
,,,319434,,300782,,,,
,,,319435,,300791,,,,
,,,319436,,300792,,,,
,,,319437,,300793,,,,
,,,319438,,300794,,,,
,,,319439,,300795,,,,
,,,319440,,300796,,,,
,,,319441,,300797,,,,
,,,319442,,300798,,,,
,,,319443,,300799,,,,
,,,319444,,300800,,,,
,,,319445,,300809,,,,
,,,319446,,300810,,,,
,,,319447,,300811,,,,
,,,319448,,300812,,,,
,,,319449,,300813,,,,
,,,319450,,300814,,,,
,,,319451,,300815,,,,
,,,320185,,300816,,,,
,,,320201,,300817,,,,
,,,320217,,300818,,,,
,,,320223,,301979,,,,
,,,320224,,305021,,,,
,,,320235,,309844,,,,
,,,320251,,309845,,,,
,,,331494,,309846,,,,
,,,331495,,309847,,,,
,,,331496,,309848,,,,
,,,331497,,309849,,,,
,,,331498,,309850,,,,
,,,331499,,309851,,,,
,,,331500,,309852,,,,
,,,331501,,311098,,,,
,,,331506,,311099,,,,
,,,331507,,316035,,,,
,,,331508,,316036,,,,
,,,331509,,316037,,,,
,,,331510,,316038,,,,
,,,331511,,316039,,,,
,,,331512,,316041,,,,
,,,331513,,316042,,,,
,,,331518,,316043,,,,
,,,331519,,316044,,,,
,,,331520,,316045,,,,
,,,331521,,316047,,,,
,,,331522,,316048,,,,
,,,331523,,316049,,,,
,,,331524,,316050,,,,
,,,331525,,316051,,,,
,,,331530,,316053,,,,
,,,331531,,316054,,,,
,,,331532,,316055,,,,
,,,331533,,316056,,,,
,,,331534,,316057,,,,
,,,331535,,316059,,,,
,,,331536,,316060,,,,
,,,331537,,316061,,,,
,,,331542,,316062,,,,
,,,331543,,316063,,,,
,,,331544,,316065,,,,
,,,331545,,316066,,,,
,,,331546,,316067,,,,
,,,331547,,316068,,,,
,,,331548,,316069,,,,
,,,331549,,316071,,,,
,,,331554,,316072,,,,
,,,331555,,316073,,,,
,,,331556,,316074,,,,
,,,331557,,316075,,,,
,,,331558,,317221,,,,
,,,331559,,317222,,,,
,,,331560,,317223,,,,
,,,331561,,317224,,,,
,,,331566,,317225,,,,
,,,331567,,318012,,,,
,,,331568,,318013,,,,
,,,331569,,320872,,,,
,,,331570,,320873,,,,
,,,331571,,320874,,,,
,,,331572,,320875,,,,
,,,331573,,320876,,,,
,,,331578,,320877,,,,
,,,331579,,320878,,,,
,,,331580,,320879,,,,
,,,331581,,320880,,,,
,,,331582,,320881,,,,
,,,331583,,320882,,,,
,,,331584,,320883,,,,
,,,331585,,320884,,,,
,,,331590,,320885,,,,
,,,331591,,320886,,,,
,,,331592,,320887,,,,
,,,331593,,320888,,,,
,,,331594,,320889,,,,
,,,331595,,320890,,,,
,,,331596,,321112,,,,
,,,331597,,321113,,,,
,,,331602,,321114,,,,
,,,331603,,321115,,,,
,,,331604,,321354,,,,
,,,331605,,321355,,,,
,,,331606,,321356,,,,
,,,331607,,321357,,,,
,,,331608,,321358,,,,
,,,331609,,321359,,,,
,,,332407,,321360,,,,
,,,332408,,321361,,,,
,,,332409,,321362,,,,
,,,332410,,321687,,,,
,,,332411,,321688,,,,
,,,332412,,321689,,,,
,,,332413,,321690,,,,
,,,332414,,321691,,,,
,,,332415,,321692,,,,
,,,332416,,321693,,,,
,,,332417,,321694,,,,
,,,332418,,321695,,,,
,,,332419,,321696,,,,
,,,332420,,321697,,,,
,,,332421,,321698,,,,
,,,332422,,321699,,,,
,,,332423,,321700,,,,
,,,332424,,321701,,,,
,,,332425,,321702,,,,
,,,332426,,321703,,,,
,,,332427,,321704,,,,
,,,332428,,321705,,,,
,,,332429,,321706,,,,
,,,332430,,321707,,,,
,,,332431,,321708,,,,
,,,332432,,321709,,,,
,,,332433,,321710,,,,
,,,332434,,321711,,,,
,,,332435,,321712,,,,
,,,332436,,321713,,,,
,,,332437,,321714,,,,
,,,332438,,321715,,,,
,,,332439,,321716,,,,
,,,332440,,321717,,,,
,,,332441,,321718,,,,
,,,332442,,321719,,,,
,,,332443,,321720,,,,
,,,332444,,324180,,,,
,,,332445,,324181,,,,
,,,332446,,324182,,,,
,,,332447,,324183,,,,
,,,332448,,324184,,,,
,,,332449,,324185,,,,
,,,332451,,324186,,,,
,,,332452,,324858,,,,
,,,332453,,324859,,,,
,,,332454,,324860,,,,
,,,332455,,324861,,,,
,,,332456,,324862,,,,
,,,332457,,328633,,,,
,,,332458,,328634,,,,
,,,332459,,328635,,,,
,,,332460,,328636,,,,
,,,332461,,328637,,,,
,,,332462,,328638,,,,
,,,332463,,328639,,,,
,,,332464,,328640,,,,
,,,332465,,328641,,,,
,,,332466,,328642,,,,
,,,332467,,328643,,,,
,,,332468,,328644,,,,
,,,332469,,328645,,,,
,,,332470,,328646,,,,
,,,332471,,328647,,,,
,,,332472,,328648,,,,
,,,332473,,328649,,,,
,,,332474,,328650,,,,
,,,332475,,328651,,,,
,,,332476,,328652,,,,
,,,332477,,328653,,,,
,,,332478,,328654,,,,
,,,332479,,328655,,,,
,,,332480,,328656,,,,
,,,332481,,328657,,,,
,,,332482,,328658,,,,
,,,332483,,328659,,,,
,,,332484,,328660,,,,
,,,332485,,328661,,,,
,,,332486,,328662,,,,
,,,332487,,328663,,,,
,,,332488,,328664,,,,
,,,332489,,328665,,,,
,,,332490,,328666,,,,
,,,332491,,328667,,,,
,,,332492,,328668,,,,
,,,332493,,328669,,,,
,,,337004,,328670,,,,
,,,337013,,328671,,,,
,,,337022,,328672,,,,
,,,337031,,328673,,,,
,,,338132,,328674,,,,
,,,338133,,328675,,,,
,,,338134,,328676,,,,
,,,338141,,328677,,,,
,,,338142,,328678,,,,
,,,338143,,328679,,,,
,,,338150,,328680,,,,
,,,338151,,328681,,,,
,,,338152,,328682,,,,
,,,338159,,328683,,,,
,,,338160,,328684,,,,
,,,338161,,328685,,,,
,,,338168,,328686,,,,
,,,338169,,328689,,,,
,,,338170,,328690,,,,
,,,338576,,328691,,,,
,,,338577,,328692,,,,
,,,338578,,328693,,,,
,,,338579,,328694,,,,
,,,338580,,328695,,,,
,,,338581,,328696,,,,
,,,340966,,328697,,,,
,,,340967,,328698,,,,
,,,340968,,328699,,,,
,,,340969,,328700,,,,
,,,340976,,328701,,,,
,,,340977,,328702,,,,
,,,340978,,328703,,,,
,,,340979,,328704,,,,
,,,340986,,328705,,,,
,,,340987,,328706,,,,
,,,340988,,328707,,,,
,,,340989,,328708,,,,
,,,340996,,328709,,,,
,,,340997,,328710,,,,
,,,340998,,328711,,,,
,,,340999,,328712,,,,
,,,345464,,328713,,,,
,,,345465,,328714,,,,
,,,345466,,328715,,,,
,,,345467,,328716,,,,
,,,345469,,328717,,,,
,,,345470,,328718,,,,
,,,345471,,328719,,,,
,,,345472,,328720,,,,
,,,345473,,328721,,,,
,,,345474,,328722,,,,
,,,345475,,328723,,,,
,,,345477,,328724,,,,
,,,345478,,328725,,,,
,,,345479,,328726,,,,
,,,345480,,328727,,,,
,,,345481,,328728,,,,
,,,345482,,328729,,,,
,,,347097,,328730,,,,
,,,347098,,328731,,,,
,,,347101,,328732,,,,
,,,347105,,328733,,,,
,,,347115,,328734,,,,
,,,350817,,328735,,,,
,,,350818,,328736,,,,
,,,350819,,328737,,,,
,,,350820,,328738,,,,
,,,350821,,328739,,,,
,,,350828,,328740,,,,
,,,350829,,328741,,,,
,,,350830,,328742,,,,
,,,350831,,328745,,,,
,,,350832,,328746,,,,
,,,350839,,328747,,,,
,,,350840,,328748,,,,
,,,350841,,328749,,,,
,,,350842,,328750,,,,
,,,350843,,328751,,,,
,,,350850,,328752,,,,
,,,350851,,328753,,,,
,,,350852,,328754,,,,
,,,350853,,328755,,,,
,,,350854,,328756,,,,
,,,350861,,328757,,,,
,,,350862,,328758,,,,
,,,350863,,328759,,,,
,,,350864,,328760,,,,
,,,350865,,328761,,,,
,,,350872,,328762,,,,
,,,350873,,328763,,,,
,,,350874,,328764,,,,
,,,350875,,328765,,,,
,,,350876,,328766,,,,
,,,350883,,328767,,,,
,,,350884,,328768,,,,
,,,350885,,328769,,,,
,,,350886,,328770,,,,
,,,350887,,328771,,,,
,,,350894,,328772,,,,
,,,350895,,328773,,,,
,,,350896,,328774,,,,
,,,350897,,328775,,,,
,,,350898,,328776,,,,
,,,350906,,328777,,,,
,,,350907,,328778,,,,
,,,350908,,328779,,,,
,,,350909,,328780,,,,
,,,350910,,328781,,,,
,,,350917,,328782,,,,
,,,350918,,328783,,,,
,,,350919,,328784,,,,
,,,350920,,328785,,,,
,,,350921,,328786,,,,
,,,350927,,328787,,,,
,,,350928,,328788,,,,
,,,350929,,328789,,,,
,,,350930,,328790,,,,
,,,350931,,328791,,,,
,,,350938,,328792,,,,
,,,350939,,328793,,,,
,,,350940,,328794,,,,
,,,350941,,328795,,,,
,,,350942,,328796,,,,
,,,350949,,328797,,,,
,,,350950,,328798,,,,
,,,350951,,331349,,,,
,,,350952,,331350,,,,
,,,350953,,331351,,,,
,,,350960,,331354,,,,
,,,350961,,331355,,,,
,,,350962,,331356,,,,
,,,350963,,331359,,,,
,,,350964,,331360,,,,
,,,350971,,331361,,,,
,,,350972,,331364,,,,
,,,350973,,331365,,,,
,,,350974,,331366,,,,
,,,350975,,331369,,,,
,,,350983,,331370,,,,
,,,350984,,331371,,,,
,,,350985,,332981,,,,
,,,350986,,332982,,,,
,,,350987,,332983,,,,
,,,350994,,332984,,,,
,,,350995,,332985,,,,
,,,350996,,332986,,,,
,,,350997,,332987,,,,
,,,350998,,332988,,,,
,,,351004,,332989,,,,
,,,351005,,332990,,,,
,,,351006,,332991,,,,
,,,351007,,332992,,,,
,,,351008,,332993,,,,
,,,351015,,332994,,,,
,,,351016,,332995,,,,
,,,351017,,332996,,,,
,,,351018,,332997,,,,
,,,351019,,332998,,,,
,,,351026,,332999,,,,
,,,351027,,333000,,,,
,,,351028,,333001,,,,
,,,351029,,333002,,,,
,,,351030,,333003,,,,
,,,351037,,333004,,,,
,,,351038,,333005,,,,
,,,351039,,333006,,,,
,,,351040,,333007,,,,
,,,351041,,333008,,,,
,,,354558,,333009,,,,
,,,354559,,333010,,,,
,,,354560,,333011,,,,
,,,354561,,333012,,,,
,,,354562,,333013,,,,
,,,354563,,333014,,,,
,,,354564,,333015,,,,
,,,354570,,333016,,,,
,,,354571,,333017,,,,
,,,354572,,333018,,,,
,,,354573,,333019,,,,
,,,354574,,333020,,,,
,,,354575,,333021,,,,
,,,354576,,333022,,,,
,,,354582,,333023,,,,
,,,354583,,333024,,,,
,,,354584,,333025,,,,
,,,354585,,333026,,,,
,,,354586,,333027,,,,
,,,354587,,333028,,,,
,,,354588,,333029,,,,
,,,354594,,333030,,,,
,,,354595,,333031,,,,
,,,354596,,333032,,,,
,,,354597,,333033,,,,
,,,354598,,333034,,,,
,,,354599,,333035,,,,
,,,354600,,333036,,,,
,,,354606,,333037,,,,
,,,354607,,333038,,,,
,,,354608,,333039,,,,
,,,354609,,333040,,,,
,,,354610,,333041,,,,
,,,354611,,333042,,,,
,,,354612,,333043,,,,
,,,356149,,333044,,,,
,,,356150,,333045,,,,
,,,356151,,333046,,,,
,,,356152,,333047,,,,
,,,356153,,333048,,,,
,,,356154,,333049,,,,
,,,356155,,333050,,,,
,,,356156,,333053,,,,
,,,356161,,333054,,,,
,,,356162,,333055,,,,
,,,356163,,333056,,,,
,,,356164,,333057,,,,
,,,356165,,333058,,,,
,,,356166,,333059,,,,
,,,356167,,333060,,,,
,,,356168,,333061,,,,
,,,356173,,333062,,,,
,,,356174,,333063,,,,
,,,356175,,333064,,,,
,,,356176,,333065,,,,
,,,356177,,333066,,,,
,,,356178,,333067,,,,
,,,356179,,333068,,,,
,,,356180,,333069,,,,
,,,356185,,333070,,,,
,,,356186,,333071,,,,
,,,356187,,333072,,,,
,,,356188,,333073,,,,
,,,356189,,333074,,,,
,,,356190,,333075,,,,
,,,356191,,333076,,,,
,,,356192,,333077,,,,
,,,358315,,333078,,,,
,,,358322,,333079,,,,
,,,358329,,333080,,,,
,,,358336,,333081,,,,
,,,360434,,333082,,,,
,,,360435,,333083,,,,
,,,360436,,333084,,,,
,,,360437,,333085,,,,
,,,360438,,333086,,,,
,,,360439,,333087,,,,
,,,360446,,333088,,,,
,,,360447,,333089,,,,
,,,360448,,333090,,,,
,,,360449,,333091,,,,
,,,360450,,333092,,,,
,,,360451,,333093,,,,
,,,360458,,333094,,,,
,,,360459,,333095,,,,
,,,360460,,333096,,,,
,,,360461,,333097,,,,
,,,360462,,333098,,,,
,,,360463,,333099,,,,
,,,360470,,333100,,,,
,,,360471,,333101,,,,
,,,360472,,333102,,,,
,,,360473,,333103,,,,
,,,360474,,333104,,,,
,,,360475,,333105,,,,
,,,370306,,333106,,,,
,,,370307,,333107,,,,
,,,370308,,333108,,,,
,,,370319,,333109,,,,
,,,370320,,333110,,,,
,,,370321,,333111,,,,
,,,370332,,333112,,,,
,,,370333,,333113,,,,
,,,370334,,333114,,,,
,,,370345,,333115,,,,
,,,370346,,333116,,,,
,,,370347,,333117,,,,
,,,370358,,333118,,,,
,,,370359,,333119,,,,
,,,370360,,333120,,,,
,,,370371,,333121,,,,
,,,370372,,333122,,,,
,,,370373,,333126,,,,
,,,370384,,333127,,,,
,,,370385,,333128,,,,
,,,370386,,333129,,,,
,,,370397,,333130,,,,
,,,370398,,333131,,,,
,,,370399,,333132,,,,
,,,375783,,333133,,,,
,,,375784,,333134,,,,
,,,375785,,333135,,,,
,,,375786,,333136,,,,
,,,375787,,333137,,,,
,,,375788,,333138,,,,
,,,375789,,333139,,,,
,,,375790,,333140,,,,
,,,375791,,333141,,,,
,,,375792,,333142,,,,
,,,375793,,333143,,,,
,,,375794,,333144,,,,
,,,375795,,333145,,,,
,,,375796,,333146,,,,
,,,375797,,333147,,,,
,,,375798,,333148,,,,
,,,375799,,333149,,,,
,,,375800,,333150,,,,
,,,375801,,333151,,,,
,,,375802,,333152,,,,
,,,375803,,333153,,,,
,,,375804,,333154,,,,
,,,375805,,333155,,,,
,,,375806,,333156,,,,
,,,375807,,333157,,,,
,,,375808,,333158,,,,
,,,375809,,333159,,,,
,,,375810,,333160,,,,
,,,375811,,333161,,,,
,,,375812,,333162,,,,
,,,375813,,333163,,,,
,,,375814,,333164,,,,
,,,375815,,333165,,,,
,,,375816,,333166,,,,
,,,375817,,333167,,,,
,,,375818,,333168,,,,
,,,375819,,333169,,,,
,,,375820,,333170,,,,
,,,375821,,333171,,,,
,,,375822,,333172,,,,
,,,375823,,333173,,,,
,,,375824,,333174,,,,
,,,375825,,333175,,,,
,,,375826,,333954,,,,
,,,375827,,333955,,,,
,,,375828,,334940,,,,
,,,375829,,334941,,,,
,,,375830,,334942,,,,
,,,375832,,334943,,,,
,,,375833,,334944,,,,
,,,375834,,334945,,,,
,,,375835,,334946,,,,
,,,375836,,334947,,,,
,,,375837,,334948,,,,
,,,375838,,334949,,,,
,,,375839,,334950,,,,
,,,375840,,334951,,,,
,,,375841,,354898,,,,
,,,375842,,354899,,,,
,,,375843,,354900,,,,
,,,375844,,354901,,,,
,,,375845,,354902,,,,
,,,375846,,354903,,,,
,,,375847,,354904,,,,
,,,375848,,354905,,,,
,,,375849,,355241,,,,
,,,375850,,355242,,,,
,,,375851,,355243,,,,
,,,375852,,355244,,,,
,,,375853,,355245,,,,
,,,375854,,355246,,,,
,,,375855,,355247,,,,
,,,375856,,356254,,,,
,,,375857,,356255,,,,
,,,375858,,356256,,,,
,,,375859,,360756,,,,
,,,375860,,360757,,,,
,,,375861,,360758,,,,
,,,375862,,360759,,,,
,,,375863,,360760,,,,
,,,375864,,360761,,,,
,,,375865,,360762,,,,
,,,375866,,360763,,,,
,,,375867,,360764,,,,
,,,375868,,360765,,,,
,,,375869,,360766,,,,
,,,375870,,360767,,,,
,,,375871,,360768,,,,
,,,375872,,360769,,,,
,,,375873,,360770,,,,
,,,375874,,360771,,,,
,,,375875,,360772,,,,
,,,375876,,360773,,,,
,,,375877,,360774,,,,
,,,375878,,360775,,,,
,,,375879,,360776,,,,
,,,375881,,360777,,,,
,,,375882,,360778,,,,
,,,375883,,360779,,,,
,,,375884,,360780,,,,
,,,375885,,360781,,,,
,,,375886,,360782,,,,
,,,375887,,360783,,,,
,,,375888,,360784,,,,
,,,375889,,360785,,,,
,,,375890,,360786,,,,
,,,375891,,360787,,,,
,,,375892,,360800,,,,
,,,375893,,360801,,,,
,,,375894,,360802,,,,
,,,375895,,360803,,,,
,,,375896,,360804,,,,
,,,375897,,360805,,,,
,,,375898,,360806,,,,
,,,375899,,360807,,,,
,,,375900,,360808,,,,
,,,375901,,360809,,,,
,,,375902,,360810,,,,
,,,375903,,360811,,,,
,,,375904,,360812,,,,
,,,375905,,360813,,,,
,,,375906,,360814,,,,
,,,375907,,360815,,,,
,,,375908,,360816,,,,
,,,375909,,360817,,,,
,,,375910,,360818,,,,
,,,375911,,360819,,,,
,,,375912,,360820,,,,
,,,375913,,360821,,,,
,,,375914,,360822,,,,
,,,375915,,360823,,,,
,,,375916,,360824,,,,
,,,375917,,360825,,,,
,,,375918,,360826,,,,
,,,375919,,360827,,,,
,,,375920,,360828,,,,
,,,375921,,360829,,,,
,,,375922,,360830,,,,
,,,375923,,360831,,,,
,,,375924,,360846,,,,
,,,375925,,360847,,,,
,,,375926,,360848,,,,
,,,375927,,360849,,,,
,,,375928,,360850,,,,
,,,375930,,360851,,,,
,,,375931,,360852,,,,
,,,375932,,360853,,,,
,,,375933,,360854,,,,
,,,375934,,360855,,,,
,,,375935,,360856,,,,
,,,375936,,360857,,,,
,,,375937,,360858,,,,
,,,375938,,360859,,,,
,,,375939,,360860,,,,
,,,375940,,360861,,,,
,,,375941,,360862,,,,
,,,375942,,360863,,,,
,,,375943,,360864,,,,
,,,375944,,360865,,,,
,,,375945,,360866,,,,
,,,375946,,360867,,,,
,,,375947,,360868,,,,
,,,375948,,360869,,,,
,,,375949,,,,,,
,,,375950,,,,,,
,,,375951,,,,,,
,,,375952,,,,,,
,,,375953,,,,,,
,,,375954,,,,,,
,,,375955,,,,,,
,,,375956,,,,,,
,,,375957,,,,,,
,,,375958,,,,,,
,,,375959,,,,,,
,,,375960,,,,,,
,,,375961,,,,,,
,,,375962,,,,,,
,,,375963,,,,,,
,,,375964,,,,,,
,,,375965,,,,,,
,,,375966,,,,,,
,,,375967,,,,,,
,,,375968,,,,,,
,,,375969,,,,,,
,,,375970,,,,,,
,,,375971,,,,,,
,,,375972,,,,,,
,,,375973,,,,,,
,,,375974,,,,,,
,,,375975,,,,,,
,,,375976,,,,,,
,,,375977,,,,,,
,,,375979,,,,,,
,,,375980,,,,,,
,,,375981,,,,,,
,,,375982,,,,,,
,,,375983,,,,,,
,,,375984,,,,,,
,,,375985,,,,,,
,,,375986,,,,,,
,,,375987,,,,,,
,,,375988,,,,,,
,,,375989,,,,,,
,,,375990,,,,,,
,,,375991,,,,,,
,,,375992,,,,,,
,,,375993,,,,,,
,,,375994,,,,,,
,,,375995,,,,,,
,,,375996,,,,,,
,,,375997,,,,,,
,,,375998,,,,,,
,,,375999,,,,,,
,,,376000,,,,,,
,,,376001,,,,,,
,,,376002,,,,,,
,,,376003,,,,,,
,,,376004,,,,,,
,,,376005,,,,,,
,,,376006,,,,,,
,,,376007,,,,,,
,,,376008,,,,,,
,,,376009,,,,,,
,,,376010,,,,,,
,,,376011,,,,,,
,,,376012,,,,,,
,,,376013,,,,,,
,,,376014,,,,,,
,,,376015,,,,,,
,,,376016,,,,,,
,,,376017,,,,,,
,,,376018,,,,,,
,,,376019,,,,,,
,,,376020,,,,,,
,,,376021,,,,,,
,,,376022,,,,,,
,,,376023,,,,,,
,,,376024,,,,,,
,,,376025,,,,,,
,,,376026,,,,,,
,,,376028,,,,,,
,,,376029,,,,,,
,,,376030,,,,,,
,,,376031,,,,,,
,,,376032,,,,,,
,,,376033,,,,,,
,,,376034,,,,,,
,,,376035,,,,,,
,,,376036,,,,,,
,,,376037,,,,,,
,,,376038,,,,,,
,,,376039,,,,,,
,,,376040,,,,,,
,,,376041,,,,,,
,,,376042,,,,,,
,,,376043,,,,,,
,,,376044,,,,,,
,,,376045,,,,,,
,,,376046,,,,,,
,,,376047,,,,,,
,,,376048,,,,,,
,,,376049,,,,,,
,,,376050,,,,,,
,,,376051,,,,,,
,,,376052,,,,,,
,,,376053,,,,,,
,,,376054,,,,,,
,,,376055,,,,,,
,,,376056,,,,,,
,,,376057,,,,,,
,,,376058,,,,,,
,,,376059,,,,,,
,,,376060,,,,,,
,,,376061,,,,,,
,,,376062,,,,,,
,,,376063,,,,,,
,,,376064,,,,,,
,,,376065,,,,,,
,,,376066,,,,,,
,,,376067,,,,,,
,,,376068,,,,,,
,,,376069,,,,,,
,,,376070,,,,,,
,,,376071,,,,,,
,,,376072,,,,,,
,,,376073,,,,,,
,,,376074,,,,,,
,,,376075,,,,,,
,,,376720,,,,,,
,,,376721,,,,,,
,,,376722,,,,,,
,,,376723,,,,,,
,,,376724,,,,,,
,,,380220,,,,,,
,,,380229,,,,,,
,,,380238,,,,,,
,,,380247,,,,,,
,,,380256,,,,,,
,,,380265,,,,,,
,,,380274,,,,,,
,,,380283,,,,,,
,,,380292,,,,,,
,,,380837,,,,,,
,,,380838,,,,,,
,,,380842,,,,,,
,,,380843,,,,,,
,,,380847,,,,,,
,,,380848,,,,,,
,,,380852,,,,,,
,,,380853,,,,,,
,,,380857,,,,,,
,,,380858,,,,,,
,,,380862,,,,,,
,,,380863,,,,,,
,,,380867,,,,,,
,,,380868,,,,,,
,,,380872,,,,,,
,,,380873,,,,,,
,,,385187,,,,,,
,,,385188,,,,,,
,,,385189,,,,,,
,,,385190,,,,,,
,,,385191,,,,,,
,,,385192,,,,,,
,,,385193,,,,,,
,,,385194,,,,,,
,,,385196,,,,,,
,,,385197,,,,,,
,,,385198,,,,,,
,,,385199,,,,,,
,,,385200,,,,,,
,,,385201,,,,,,
,,,385202,,,,,,
,,,385203,,,,,,
,,,385205,,,,,,
,,,385206,,,,,,
,,,385207,,,,,,
,,,385208,,,,,,
,,,385209,,,,,,
,,,385210,,,,,,
,,,385211,,,,,,
,,,385212,,,,,,
,,,385384,,,,,,
,,,385385,,,,,,
,,,385389,,,,,,
,,,385390,,,,,,
,,,387904,,,,,,
,,,387905,,,,,,
,,,387906,,,,,,
,,,387913,,,,,,
,,,387914,,,,,,
,,,387915,,,,,,
,,,387922,,,,,,
,,,387923,,,,,,
,,,387924,,,,,,
,,,387931,,,,,,
,,,387932,,,,,,
,,,387933,,,,,,
,,,388548,,,,,,
,,,388552,,,,,,
,,,388556,,,,,,
,,,388560,,,,,,
,,,388689,,,,,,
,,,388690,,,,,,
,,,388691,,,,,,
,,,388692,,,,,,
,,,388693,,,,,,
,,,388694,,,,,,
,,,388695,,,,,,
,,,388701,,,,,,
,,,388702,,,,,,
,,,388703,,,,,,
,,,388704,,,,,,
,,,388705,,,,,,
,,,388706,,,,,,
,,,388707,,,,,,
,,,388713,,,,,,
,,,388714,,,,,,
,,,388715,,,,,,
,,,388716,,,,,,
,,,388717,,,,,,
,,,388718,,,,,,
,,,388719,,,,,,
,,,388725,,,,,,
,,,388726,,,,,,
,,,388727,,,,,,
,,,388728,,,,,,
,,,388729,,,,,,
,,,388730,,,,,,
,,,388731,,,,,,
,,,393945,,,,,,
,,,393946,,,,,,
,,,393947,,,,,,
,,,393952,,,,,,
,,,393953,,,,,,
,,,393954,,,,,,
,,,393959,,,,,,
,,,393960,,,,,,
,,,393961,,,,,,
,,,393966,,,,,,
,,,393967,,,,,,
,,,393968,,,,,,
,,,393973,,,,,,
,,,393974,,,,,,
,,,393975,,,,,,
,,,393980,,,,,,
,,,393981,,,,,,
,,,393982,,,,,,
,,,393987,,,,,,
,,,393988,,,,,,
,,,393989,,,,,,
,,,393994,,,,,,
,,,393995,,,,,,
,,,393996,,,,,,
,,,394172,,,,,,
,,,394173,,,,,,
,,,394174,,,,,,
,,,395274,,,,,,
,,,395275,,,,,,
,,,395276,,,,,,
,,,395277,,,,,,
,,,395278,,,,,,
,,,395279,,,,,,
,,,395280,,,,,,
,,,395290,,,,,,
,,,395291,,,,,,
,,,395292,,,,,,
,,,395293,,,,,,
,,,395294,,,,,,
,,,395295,,,,,,
,,,395296,,,,,,
,,,395306,,,,,,
,,,395307,,,,,,
,,,395308,,,,,,
,,,395309,,,,,,
,,,395310,,,,,,
,,,395311,,,,,,
,,,395312,,,,,,
,,,402284,,,,,,
,,,402285,,,,,,
,,,402286,,,,,,
,,,402287,,,,,,
,,,402288,,,,,,
,,,402289,,,,,,
,,,402902,,,,,,
,,,402903,,,,,,
,,,402904,,,,,,
,,,402905,,,,,,
,,,402906,,,,,,
,,,402907,,,,,,
,,,402908,,,,,,
,,,402912,,,,,,
,,,402913,,,,,,
,,,402914,,,,,,
,,,402915,,,,,,
,,,402916,,,,,,
,,,402917,,,,,,
,,,402918,,,,,,
,,,402922,,,,,,
,,,402923,,,,,,
,,,402924,,,,,,
,,,402925,,,,,,
,,,402926,,,,,,
,,,402927,,,,,,
,,,402928,,,,,,
,,,402932,,,,,,
,,,402933,,,,,,
,,,402934,,,,,,
,,,402935,,,,,,
,,,402936,,,,,,
,,,402937,,,,,,
,,,402938,,,,,,
,,,402942,,,,,,
,,,402943,,,,,,
,,,402944,,,,,,
,,,402945,,,,,,
,,,402946,,,,,,
,,,402947,,,,,,
,,,402948,,,,,,
,,,402952,,,,,,
,,,402953,,,,,,
,,,402954,,,,,,
,,,402955,,,,,,
,,,402956,,,,,,
,,,402957,,,,,,
,,,402958,,,,,,
,,,402962,,,,,,
,,,402963,,,,,,
,,,402964,,,,,,
,,,402965,,,,,,
,,,402966,,,,,,
,,,402967,,,,,,
,,,402968,,,,,,
,,,403146,,,,,,
,,,403147,,,,,,
,,,403148,,,,,,
,,,403153,,,,,,
,,,403154,,,,,,
,,,403155,,,,,,
,,,404374,,,,,,
,,,404375,,,,,,
,,,404376,,,,,,
,,,406308,,,,,,
,,,406309,,,,,,
,,,406593,,,,,,
,,,406594,,,,,,
,,,406595,,,,,,
,,,406596,,,,,,
,,,406597,,,,,,
,,,406598,,,,,,
,,,406599,,,,,,
,,,406600,,,,,,
,,,406605,,,,,,
,,,406606,,,,,,
,,,406607,,,,,,
,,,406608,,,,,,
,,,406609,,,,,,
,,,406610,,,,,,
,,,406611,,,,,,
,,,406612,,,,,,
,,,406617,,,,,,
,,,406618,,,,,,
,,,406619,,,,,,
,,,406620,,,,,,
,,,406621,,,,,,
,,,406622,,,,,,
,,,406623,,,,,,
,,,406624,,,,,,
,,,406629,,,,,,
,,,406630,,,,,,
,,,406631,,,,,,
,,,406632,,,,,,
,,,406633,,,,,,
,,,406634,,,,,,
,,,406635,,,,,,
,,,406636,,,,,,
,,,406641,,,,,,
,,,406642,,,,,,
,,,406643,,,,,,
,,,406644,,,,,,
,,,406645,,,,,,
,,,406646,,,,,,
,,,406647,,,,,,
,,,406648,,,,,,
,,,406653,,,,,,
,,,406654,,,,,,
,,,406655,,,,,,
,,,406656,,,,,,
,,,406657,,,,,,
,,,406658,,,,,,
,,,406659,,,,,,
,,,406660,,,,,,
,,,406665,,,,,,
,,,406666,,,,,,
,,,406667,,,,,,
,,,406668,,,,,,
,,,406669,,,,,,
,,,406670,,,,,,
,,,406671,,,,,,
,,,406672,,,,,,
,,,406677,,,,,,
,,,406678,,,,,,
,,,406679,,,,,,
,,,406680,,,,,,
,,,406681,,,,,,
,,,406682,,,,,,
,,,406683,,,,,,
,,,406684,,,,,,
,,,406689,,,,,,
,,,406690,,,,,,
,,,406691,,,,,,
,,,406692,,,,,,
,,,406693,,,,,,
,,,406694,,,,,,
,,,406695,,,,,,
,,,406696,,,,,,
,,,406977,,,,,,
,,,408015,,,,,,
,,,408016,,,,,,
,,,408017,,,,,,
,,,408018,,,,,,
,,,408019,,,,,,
,,,408020,,,,,,
,,,408021,,,,,,
,,,408022,,,,,,
,,,408023,,,,,,
,,,408024,,,,,,
,,,408025,,,,,,
,,,408026,,,,,,
,,,408027,,,,,,
,,,408028,,,,,,
,,,408029,,,,,,
,,,408030,,,,,,
,,,408031,,,,,,
,,,408032,,,,,,
,,,408033,,,,,,
,,,408034,,,,,,
,,,408035,,,,,,
,,,408036,,,,,,
,,,408037,,,,,,
,,,408044,,,,,,
,,,408045,,,,,,
,,,408046,,,,,,
,,,408047,,,,,,
,,,408048,,,,,,
,,,408049,,,,,,
,,,408050,,,,,,
,,,408051,,,,,,
,,,408052,,,,,,
,,,408053,,,,,,
,,,408054,,,,,,
,,,408055,,,,,,
,,,408056,,,,,,
,,,408057,,,,,,
,,,408058,,,,,,
,,,408059,,,,,,
,,,408060,,,,,,
,,,408061,,,,,,
,,,408062,,,,,,
,,,408063,,,,,,
,,,408064,,,,,,
,,,408065,,,,,,
,,,408066,,,,,,
,,,408073,,,,,,
,,,408074,,,,,,
,,,408075,,,,,,
,,,408076,,,,,,
,,,408077,,,,,,
,,,408078,,,,,,
,,,408079,,,,,,
,,,408080,,,,,,
,,,408081,,,,,,
,,,408082,,,,,,
,,,408083,,,,,,
,,,408084,,,,,,
,,,408085,,,,,,
,,,408086,,,,,,
,,,408087,,,,,,
,,,408088,,,,,,
,,,408089,,,,,,
,,,408090,,,,,,
,,,408091,,,,,,
,,,408092,,,,,,
,,,408093,,,,,,
,,,408094,,,,,,
,,,408095,,,,,,
,,,408102,,,,,,
,,,408103,,,,,,
,,,408104,,,,,,
,,,408105,,,,,,
,,,408106,,,,,,
,,,408107,,,,,,
,,,408108,,,,,,
,,,408109,,,,,,
,,,408110,,,,,,
,,,408111,,,,,,
,,,408112,,,,,,
,,,408113,,,,,,
,,,408114,,,,,,
,,,408115,,,,,,
,,,408116,,,,,,
,,,408117,,,,,,
,,,408118,,,,,,
,,,408119,,,,,,
,,,408120,,,,,,
,,,408121,,,,,,
,,,408122,,,,,,
,,,408123,,,,,,
,,,408124,,,,,,
,,,408127,,,,,,
,,,408128,,,,,,
,,,408129,,,,,,
,,,408130,,,,,,
,,,408131,,,,,,
,,,408132,,,,,,
,,,408133,,,,,,
,,,408134,,,,,,
,,,408135,,,,,,
,,,408136,,,,,,
,,,408137,,,,,,
,,,408138,,,,,,
,,,408139,,,,,,
,,,408140,,,,,,
,,,408141,,,,,,
,,,408142,,,,,,
,,,408143,,,,,,
,,,408144,,,,,,
,,,408145,,,,,,
,,,408146,,,,,,
,,,408147,,,,,,
,,,408148,,,,,,
,,,408753,,,,,,
,,,410593,,,,,,
,,,410595,,,,,,
,,,413573,,,,,,
,,,413574,,,,,,
,,,413575,,,,,,
,,,413576,,,,,,
,,,413577,,,,,,
,,,413578,,,,,,
,,,413579,,,,,,
,,,413642,,,,,,
,,,413643,,,,,,
,,,413644,,,,,,
,,,413645,,,,,,
,,,413646,,,,,,
,,,414733,,,,,,
,,,414734,,,,,,
,,,414735,,,,,,
,,,414736,,,,,,
,,,414737,,,,,,
,,,414738,,,,,,
,,,414739,,,,,,
,,,414740,,,,,,
,,,414741,,,,,,
,,,414742,,,,,,
,,,414743,,,,,,
,,,414744,,,,,,
,,,414745,,,,,,
,,,414746,,,,,,
,,,414747,,,,,,
,,,414748,,,,,,
,,,414749,,,,,,
,,,414750,,,,,,
,,,414751,,,,,,
,,,414752,,,,,,
,,,414753,,,,,,
,,,414754,,,,,,
,,,414755,,,,,,
,,,414756,,,,,,
,,,418138,,,,,,
,,,418139,,,,,,
,,,418140,,,,,,
,,,418141,,,,,,
,,,419936,,,,,,
,,,419937,,,,,,
,,,419938,,,,,,
,,,419940,,,,,,
,,,419941,,,,,,
,,,419942,,,,,,
,,,419943,,,,,,
,,,419944,,,,,,
,,,419945,,,,,,
,,,419946,,,,,,
,,,419947,,,,,,
,,,420656,,,,,,
,,,420657,,,,,,
,,,420658,,,,,,
,,,420659,,,,,,
,,,420660,,,,,,
,,,420661,,,,,,
,,,420662,,,,,,
,,,420663,,,,,,
,,,420664,,,,,,
,,,421088,,,,,,
,,,421089,,,,,,
,,,422701,,,,,,
,,,422702,,,,,,
,,,422703,,,,,,
,,,422704,,,,,,
,,,422705,,,,,,
,,,422706,,,,,,
,,,422707,,,,,,
,,,422708,,,,,,
,,,422709,,,,,,
,,,422710,,,,,,
,,,422711,,,,,,
,,,422778,,,,,,
,,,422779,,,,,,
,,,426221,,,,,,
,,,426222,,,,,,
,,,426223,,,,,,
,,,426224,,,,,,
,,,426225,,,,,,
,,,426226,,,,,,
,,,428030,,,,,,
,,,428031,,,,,,
,,,428032,,,,,,
,,,428033,,,,,,
,,,428035,,,,,,
,,,428037,,,,,,
,,,428045,,,,,,
,,,428046,,,,,,
,,,428052,,,,,,
,,,428053,,,,,,
,,,428054,,,,,,
,,,428055,,,,,,
,,,428057,,,,,,
,,,428059,,,,,,
,,,428135,,,,,,
,,,428136,,,,,,
,,,428137,,,,,,
,,,428138,,,,,,
,,,428142,,,,,,
,,,428143,,,,,,
,,,428144,,,,,,
,,,428145,,,,,,
,,,429828,,,,,,
,,,429829,,,,,,
,,,429830,,,,,,
,,,429831,,,,,,
,,,429832,,,,,,
,,,429833,,,,,,
,,,429834,,,,,,
,,,429835,,,,,,
,,,429836,,,,,,
,,,429837,,,,,,
,,,430109,,,,,,
,,,430454,,,,,,
,,,430455,,,,,,
,,,430456,,,,,,
,,,430457,,,,,,
,,,430458,,,,,,
,,,430459,,,,,,
,,,430465,,,,,,
,,,430466,,,,,,
,,,430467,,,,,,
,,,430468,,,,,,
,,,430469,,,,,,
,,,430470,,,,,,
,,,430476,,,,,,
,,,430477,,,,,,
,,,430478,,,,,,
,,,430479,,,,,,
,,,430480,,,,,,
,,,430481,,,,,,
,,,430487,,,,,,
,,,430488,,,,,,
,,,430489,,,,,,
,,,430490,,,,,,
,,,430491,,,,,,
,,,430492,,,,,,
,,,430498,,,,,,
,,,430499,,,,,,
,,,430500,,,,,,
,,,430501,,,,,,
,,,430502,,,,,,
,,,430503,,,,,,
,,,430509,,,,,,
,,,430510,,,,,,
,,,430511,,,,,,
,,,430512,,,,,,
,,,430513,,,,,,
,,,430514,,,,,,
,,,430520,,,,,,
,,,430521,,,,,,
,,,430522,,,,,,
,,,430523,,,,,,
,,,430524,,,,,,
,,,430525,,,,,,
,,,430531,,,,,,
,,,430532,,,,,,
,,,430533,,,,,,
,,,430534,,,,,,
,,,430535,,,,,,
,,,430536,,,,,,
,,,430542,,,,,,
,,,430543,,,,,,
,,,430544,,,,,,
,,,430545,,,,,,
,,,430546,,,,,,
,,,430547,,,,,,
,,,430553,,,,,,
,,,430554,,,,,,
,,,430555,,,,,,
,,,430556,,,,,,
,,,430557,,,,,,
,,,430558,,,,,,
,,,430561,,,,,,
,,,430562,,,,,,
,,,430563,,,,,,
,,,430564,,,,,,
,,,430565,,,,,,
,,,430566,,,,,,
,,,430567,,,,,,
,,,432795,,,,,,
,,,432796,,,,,,
,,,432797,,,,,,
,,,432798,,,,,,
,,,432799,,,,,,
,,,432800,,,,,,
,,,432801,,,,,,
,,,433447,,,,,,
,,,433448,,,,,,
,,,434126,,,,,,
,,,434127,,,,,,
,,,434128,,,,,,
,,,434129,,,,,,
,,,434130,,,,,,
,,,434131,,,,,,
,,,434132,,,,,,
,,,434133,,,,,,
,,,434134,,,,,,
,,,434135,,,,,,
,,,434136,,,,,,
,,,434137,,,,,,
,,,434138,,,,,,
,,,434139,,,,,,
,,,434140,,,,,,
,,,434141,,,,,,
,,,434142,,,,,,
,,,434143,,,,,,
,,,434144,,,,,,
,,,434146,,,,,,
,,,434147,,,,,,
,,,434148,,,,,,
,,,434149,,,,,,
,,,434467,,,,,,
,,,434468,,,,,,
,,,434469,,,,,,
,,,434470,,,,,,
,,,434471,,,,,,
,,,434472,,,,,,
,,,434473,,,,,,
,,,434474,,,,,,
,,,434750,,,,,,
,,,434751,,,,,,
,,,434752,,,,,,
,,,434753,,,,,,
,,,434754,,,,,,
,,,434755,,,,,,
,,,434756,,,,,,
,,,434757,,,,,,
,,,434758,,,,,,
,,,434759,,,,,,
,,,435688,,,,,,
,,,436138,,,,,,
,,,436139,,,,,,
,,,436140,,,,,,
,,,436331,,,,,,
,,,436336,,,,,,
,,,436759,,,,,,
,,,436760,,,,,,
,,,436761,,,,,,
,,,436762,,,,,,
,,,436763,,,,,,
,,,436764,,,,,,
,,,436765,,,,,,
,,,436766,,,,,,
,,,436767,,,,,,
,,,436768,,,,,,
,,,436769,,,,,,
,,,436770,,,,,,
,,,436771,,,,,,
,,,436772,,,,,,
,,,436773,,,,,,
,,,436774,,,,,,
,,,436775,,,,,,
,,,436776,,,,,,
,,,436777,,,,,,
,,,436778,,,,,,
,,,436779,,,,,,
,,,436780,,,,,,
,,,436874,,,,,,
,,,439675,,,,,,
,,,439676,,,,,,
,,,439677,,,,,,
,,,439678,,,,,,
,,,439679,,,,,,
,,,439680,,,,,,
,,,441266,,,,,,
,,,442229,,,,,,
,,,442450,,,,,,
,,,442451,,,,,,
,,,442452,,,,,,
,,,442453,,,,,,
,,,442454,,,,,,
,,,442455,,,,,,
,,,442456,,,,,,
,,,442457,,,,,,
,,,442458,,,,,,
,,,442459,,,,,,
,,,442460,,,,,,
,,,442461,,,,,,
,,,442462,,,,,,
,,,442463,,,,,,
,,,442464,,,,,,
,,,442465,,,,,,
,,,442466,,,,,,
,,,442467,,,,,,
,,,442468,,,,,,
,,,442469,,,,,,
,,,442470,,,,,,
,,,442471,,,,,,
,,,442472,,,,,,
,,,442473,,,,,,
,,,442474,,,,,,
,,,443177,,,,,,
,,,443178,,,,,,
,,,443179,,,,,,
,,,443180,,,,,,
,,,443181,,,,,,
,,,443182,,,,,,
,,,443183,,,,,,
,,,443184,,,,,,
,,,443185,,,,,,
,,,443186,,,,,,
,,,443187,,,,,,
,,,443188,,,,,,
,,,443189,,,,,,
,,,444029,,,,,,
,,,444030,,,,,,
,,,444031,,,,,,
,,,444032,,,,,,
,,,444033,,,,,,
,,,444034,,,,,,
,,,444035,,,,,,
,,,444036,,,,,,
,,,444037,,,,,,
,,,444833,,,,,,
,,,444834,,,,,,
,,,444843,,,,,,
,,,444844,,,,,,
,,,444853,,,,,,
,,,444854,,,,,,
,,,444863,,,,,,
,,,444864,,,,,,
,,,444873,,,,,,
,,,444874,,,,,,
,,,444883,,,,,,
,,,444884,,,,,,
,,,444893,,,,,,
,,,444894,,,,,,
,,,444903,,,,,,
,,,444904,,,,,,
,,,444913,,,,,,
,,,444914,,,,,,
,,,444923,,,,,,
,,,444924,,,,,,
,,,444933,,,,,,
,,,444934,,,,,,
,,,447543,,,,,,
,,,447544,,,,,,
,,,447545,,,,,,
,,,447546,,,,,,
,,,447547,,,,,,
,,,447548,,,,,,
,,,447549,,,,,,
,,,447550,,,,,,
,,,447551,,,,,,
,,,447552,,,,,,
,,,447553,,,,,,
,,,447554,,,,,,
,,,447555,,,,,,
,,,447556,,,,,,
,,,447566,,,,,,
,,,447567,,,,,,
,,,447568,,,,,,
,,,447569,,,,,,
,,,447570,,,,,,
,,,447571,,,,,,
,,,447572,,,,,,
,,,447573,,,,,,
,,,447574,,,,,,
,,,448499,,,,,,
,,,448500,,,,,,
,,,448501,,,,,,
,,,448502,,,,,,
,,,448503,,,,,,
,,,448504,,,,,,
,,,448505,,,,,,
,,,448506,,,,,,
,,,448507,,,,,,
,,,448508,,,,,,
,,,448509,,,,,,
,,,448510,,,,,,
,,,448511,,,,,,
,,,448512,,,,,,
,,,448513,,,,,,
,,,448514,,,,,,
,,,448515,,,,,,
,,,448516,,,,,,
,,,448517,,,,,,
,,,448518,,,,,,
,,,448519,,,,,,
,,,448520,,,,,,
,,,448521,,,,,,
,,,448522,,,,,,
,,,448523,,,,,,
,,,448524,,,,,,
,,,448525,,,,,,
,,,448526,,,,,,
,,,448527,,,,,,
,,,448528,,,,,,
,,,448529,,,,,,
,,,448530,,,,,,
,,,448531,,,,,,
,,,448699,,,,,,
,,,448700,,,,,,
,,,448701,,,,,,
,,,448702,,,,,,
,,,448703,,,,,,
,,,448704,,,,,,
,,,448705,,,,,,
,,,448706,,,,,,
,,,448708,,,,,,
,,,448709,,,,,,
,,,448710,,,,,,
,,,448711,,,,,,
,,,448712,,,,,,
,,,449621,,,,,,
,,,449622,,,,,,
,,,449624,,,,,,
,,,449625,,,,,,
,,,449632,,,,,,
,,,449633,,,,,,
,,,449635,,,,,,
,,,449636,,,,,,
,,,451657,,,,,,
,,,451658,,,,,,
,,,451659,,,,,,
,,,451660,,,,,,
,,,451661,,,,,,
,,,451662,,,,,,
,,,451663,,,,,,
,,,451664,,,,,,
,,,451668,,,,,,
,,,451669,,,,,,
,,,451670,,,,,,
,,,451671,,,,,,
,,,451672,,,,,,
,,,451673,,,,,,
,,,451674,,,,,,
,,,451675,,,,,,
,,,451679,,,,,,
,,,451680,,,,,,
,,,451681,,,,,,
,,,451682,,,,,,
,,,451683,,,,,,
,,,451684,,,,,,
,,,451685,,,,,,
,,,451686,,,,,,
,,,451982,,,,,,
,,,452619,,,,,,
,,,452620,,,,,,
,,,452623,,,,,,
,,,452624,,,,,,
,,,452625,,,,,,
,,,452626,,,,,,
,,,452627,,,,,,
,,,452628,,,,,,
,,,452629,,,,,,
,,,452630,,,,,,
,,,452631,,,,,,
,,,452632,,,,,,
,,,453343,,,,,,
,,,453344,,,,,,
,,,453346,,,,,,
,,,453732,,,,,,
,,,455199,,,,,,
,,,455200,,,,,,
,,,455201,,,,,,
,,,455210,,,,,,
,,,455211,,,,,,
,,,455212,,,,,,
,,,455221,,,,,,
,,,455222,,,,,,
,,,455223,,,,,,
,,,455232,,,,,,
,,,455233,,,,,,
,,,455234,,,,,,
,,,455802,,,,,,
,,,455803,,,,,,
,,,455804,,,,,,
,,,455805,,,,,,
,,,455806,,,,,,
,,,455807,,,,,,
,,,455808,,,,,,
,,,455809,,,,,,
,,,455810,,,,,,
,,,455811,,,,,,
,,,455812,,,,,,
,,,455813,,,,,,
,,,455814,,,,,,
,,,455815,,,,,,
,,,456404,,,,,,
,,,456405,,,,,,
,,,456406,,,,,,
,,,456407,,,,,,
,,,456408,,,,,,
,,,456409,,,,,,
,,,457252,,,,,,
,,,457253,,,,,,
,,,457254,,,,,,
,,,457255,,,,,,
,,,457256,,,,,,
,,,457257,,,,,,
,,,457258,,,,,,
,,,457263,,,,,,
,,,457264,,,,,,
,,,457265,,,,,,
,,,457266,,,,,,
,,,457267,,,,,,
,,,457268,,,,,,
,,,457269,,,,,,
,,,457274,,,,,,
,,,457275,,,,,,
,,,457276,,,,,,
,,,457277,,,,,,
,,,457278,,,,,,
,,,457279,,,,,,
,,,457280,,,,,,
,,,457285,,,,,,
,,,457286,,,,,,
,,,457287,,,,,,
,,,457288,,,,,,
,,,457289,,,,,,
,,,457290,,,,,,
,,,457291,,,,,,
,,,457297,,,,,,
,,,457298,,,,,,
,,,457299,,,,,,
,,,457300,,,,,,
,,,457301,,,,,,
,,,460360,,,,,,
,,,460361,,,,,,
,,,460362,,,,,,
,,,460363,,,,,,
,,,460364,,,,,,
,,,460365,,,,,,
,,,460366,,,,,,
,,,460367,,,,,,
,,,461373,,,,,,
,,,462081,,,,,,
,,,462082,,,,,,
,,,462083,,,,,,
,,,462084,,,,,,
,,,462087,,,,,,
,,,462088,,,,,,
,,,462089,,,,,,
,,,462090,,,,,,
,,,462739,,,,,,
,,,462740,,,,,,
,,,462741,,,,,,
,,,462742,,,,,,
,,,462743,,,,,,
,,,462744,,,,,,
,,,462745,,,,,,
,,,462746,,,,,,
,,,462747,,,,,,
,,,462748,,,,,,
,,,462749,,,,,,
,,,463037,,,,,,
,,,463718,,,,,,
,,,463719,,,,,,
,,,463720,,,,,,
,,,463721,,,,,,
,,,463722,,,,,,
,,,463723,,,,,,
,,,463724,,,,,,
,,,463725,,,,,,
,,,463740,,,,,,
,,,463741,,,,,,
,,,463742,,,,,,
,,,463743,,,,,,
,,,463744,,,,,,
,,,463745,,,,,,
,,,463746,,,,,,
,,,463747,,,,,,
,,,463748,,,,,,
,,,463749,,,,,,
,,,465448,,,,,,
,,,465449,,,,,,
,,,465450,,,,,,
,,,465451,,,,,,
,,,465452,,,,,,
,,,465453,,,,,,
,,,465566,,,,,,
,,,465567,,,,,,
,,,465568,,,,,,
,,,465569,,,,,,
,,,469094,,,,,,
,,,469095,,,,,,
,,,469096,,,,,,
,,,469097,,,,,,
,,,469098,,,,,,
,,,469099,,,,,,
,,,469100,,,,,,
,,,469106,,,,,,
,,,469107,,,,,,
,,,469108,,,,,,
,,,469109,,,,,,
,,,469110,,,,,,
,,,469111,,,,,,
,,,469112,,,,,,
,,,469117,,,,,,
,,,469118,,,,,,
,,,469119,,,,,,
,,,469120,,,,,,
,,,469121,,,,,,
,,,469122,,,,,,
,,,469123,,,,,,
,,,469124,,,,,,
,,,469125,,,,,,
,,,474114,,,,,,
,,,474115,,,,,,
,,,474116,,,,,,
,,,474117,,,,,,
,,,474118,,,,,,
,,,474119,,,,,,
,,,474120,,,,,,
,,,474121,,,,,,
,,,474667,,,,,,
,,,474668,,,,,,
,,,474669,,,,,,
,,,474670,,,,,,
,,,474671,,,,,,
,,,474672,,,,,,
,,,474673,,,,,,
,,,474674,,,,,,
,,,474675,,,,,,
,,,474676,,,,,,
,,,474677,,,,,,
,,,474678,,,,,,
,,,474679,,,,,,
,,,474680,,,,,,
,,,474681,,,,,,
,,,474682,,,,,,
,,,474687,,,,,,
,,,474688,,,,,,
,,,474689,,,,,,
,,,474690,,,,,,
,,,474691,,,,,,
,,,474692,,,,,,
,,,474693,,,,,,
,,,474694,,,,,,
,,,474695,,,,,,
,,,474696,,,,,,
,,,474697,,,,,,
,,,474698,,,,,,
,,,474699,,,,,,
,,,474700,,,,,,
,,,474701,,,,,,
,,,474702,,,,,,
,,,474706,,,,,,
,,,474707,,,,,,
,,,474708,,,,,,
,,,474709,,,,,,
,,,474710,,,,,,
,,,474711,,,,,,
,,,474712,,,,,,
,,,474713,,,,,,
,,,474714,,,,,,
,,,474715,,,,,,
,,,474716,,,,,,
,,,474717,,,,,,
,,,474718,,,,,,
,,,474719,,,,,,
,,,474720,,,,,,
,,,474721,,,,,,
,,,474725,,,,,,
,,,474726,,,,,,
,,,474727,,,,,,
,,,474728,,,,,,
,,,474729,,,,,,
,,,474730,,,,,,
,,,474731,,,,,,
,,,474732,,,,,,
,,,474733,,,,,,
,,,474734,,,,,,
,,,474735,,,,,,
,,,474736,,,,,,
,,,474737,,,,,,
,,,474738,,,,,,
,,,474739,,,,,,
,,,474740,,,,,,
,,,474744,,,,,,
,,,474745,,,,,,
,,,474746,,,,,,
,,,474747,,,,,,
,,,474748,,,,,,
,,,474749,,,,,,
,,,474750,,,,,,
,,,474751,,,,,,
,,,474752,,,,,,
,,,474753,,,,,,
,,,474754,,,,,,
,,,474755,,,,,,
,,,474756,,,,,,
,,,474757,,,,,,
,,,474758,,,,,,
,,,474759,,,,,,
,,,474763,,,,,,
,,,474764,,,,,,
,,,474765,,,,,,
,,,474766,,,,,,
,,,474767,,,,,,
,,,474768,,,,,,
,,,474769,,,,,,
,,,474770,,,,,,
,,,474771,,,,,,
,,,474772,,,,,,
,,,474773,,,,,,
,,,474774,,,,,,
,,,474775,,,,,,
,,,474776,,,,,,
,,,474777,,,,,,
,,,474778,,,,,,
,,,474781,,,,,,
,,,474782,,,,,,
,,,474783,,,,,,
,,,474784,,,,,,
,,,474785,,,,,,
,,,474786,,,,,,
,,,474787,,,,,,
,,,474788,,,,,,
,,,474789,,,,,,
,,,474790,,,,,,
,,,474791,,,,,,
,,,474792,,,,,,
,,,474793,,,,,,
,,,474794,,,,,,
,,,474795,,,,,,
,,,474796,,,,,,
,,,474801,,,,,,
,,,474802,,,,,,
,,,474803,,,,,,
,,,474804,,,,,,
,,,474805,,,,,,
,,,474806,,,,,,
,,,474807,,,,,,
,,,474808,,,,,,
,,,474809,,,,,,
,,,474810,,,,,,
,,,474811,,,,,,
,,,474812,,,,,,
,,,474813,,,,,,
,,,474814,,,,,,
,,,474815,,,,,,
,,,474816,,,,,,
,,,474820,,,,,,
,,,474821,,,,,,
,,,474822,,,,,,
,,,474823,,,,,,
,,,474824,,,,,,
,,,474825,,,,,,
,,,474826,,,,,,
,,,474827,,,,,,
,,,474828,,,,,,
,,,474829,,,,,,
,,,474830,,,,,,
,,,474831,,,,,,
,,,474832,,,,,,
,,,474833,,,,,,
,,,474834,,,,,,
,,,474835,,,,,,
,,,474839,,,,,,
,,,474840,,,,,,
,,,474841,,,,,,
,,,474842,,,,,,
,,,474843,,,,,,
,,,474844,,,,,,
,,,474845,,,,,,
,,,474846,,,,,,
,,,474847,,,,,,
,,,474848,,,,,,
,,,474849,,,,,,
,,,474850,,,,,,
,,,474851,,,,,,
,,,474852,,,,,,
,,,474853,,,,,,
,,,474854,,,,,,
,,,474858,,,,,,
,,,474859,,,,,,
,,,474860,,,,,,
,,,474861,,,,,,
,,,474862,,,,,,
,,,474863,,,,,,
,,,474864,,,,,,
,,,474865,,,,,,
,,,474866,,,,,,
,,,474867,,,,,,
,,,474868,,,,,,
,,,474869,,,,,,
,,,474870,,,,,,
,,,474871,,,,,,
,,,474872,,,,,,
,,,474873,,,,,,
,,,474876,,,,,,
,,,474877,,,,,,
,,,474878,,,,,,
,,,474879,,,,,,
,,,474880,,,,,,
,,,474881,,,,,,
,,,474882,,,,,,
,,,474883,,,,,,
,,,474884,,,,,,
,,,474885,,,,,,
,,,474886,,,,,,
,,,474887,,,,,,
,,,474888,,,,,,
,,,474889,,,,,,
,,,474890,,,,,,
,,,474891,,,,,,
,,,474896,,,,,,
,,,474897,,,,,,
,,,474898,,,,,,
,,,474899,,,,,,
,,,474900,,,,,,
,,,474901,,,,,,
,,,474902,,,,,,
,,,474903,,,,,,
,,,474904,,,,,,
,,,474905,,,,,,
,,,474906,,,,,,
,,,474907,,,,,,
,,,474908,,,,,,
,,,474909,,,,,,
,,,474910,,,,,,
,,,474911,,,,,,
,,,474915,,,,,,
,,,474916,,,,,,
,,,474917,,,,,,
,,,474918,,,,,,
,,,474919,,,,,,
,,,474920,,,,,,
,,,474921,,,,,,
,,,474922,,,,,,
,,,474923,,,,,,
,,,474924,,,,,,
,,,474925,,,,,,
,,,474926,,,,,,
,,,474927,,,,,,
,,,474928,,,,,,
,,,474929,,,,,,
,,,474930,,,,,,
,,,474934,,,,,,
,,,474935,,,,,,
,,,474936,,,,,,
,,,474937,,,,,,
,,,474938,,,,,,
,,,474939,,,,,,
,,,474940,,,,,,
,,,474941,,,,,,
,,,474942,,,,,,
,,,474943,,,,,,
,,,474944,,,,,,
,,,474945,,,,,,
,,,474946,,,,,,
,,,474947,,,,,,
,,,474948,,,,,,
,,,474949,,,,,,
,,,474953,,,,,,
,,,474954,,,,,,
,,,474955,,,,,,
,,,474956,,,,,,
,,,474957,,,,,,
,,,474958,,,,,,
,,,474959,,,,,,
,,,474960,,,,,,
,,,474961,,,,,,
,,,474962,,,,,,
,,,474963,,,,,,
,,,474964,,,,,,
,,,474965,,,,,,
,,,474966,,,,,,
,,,474967,,,,,,
,,,474968,,,,,,
,,,474971,,,,,,
,,,474972,,,,,,
,,,474973,,,,,,
,,,474974,,,,,,
,,,474975,,,,,,
,,,474976,,,,,,
,,,474977,,,,,,
,,,474978,,,,,,
,,,474979,,,,,,
,,,474980,,,,,,
,,,474981,,,,,,
,,,474982,,,,,,
,,,474983,,,,,,
,,,474984,,,,,,
,,,474985,,,,,,
,,,474986,,,,,,
,,,474991,,,,,,
,,,474992,,,,,,
,,,474993,,,,,,
,,,474994,,,,,,
,,,474995,,,,,,
,,,474996,,,,,,
,,,474997,,,,,,
,,,474998,,,,,,
,,,474999,,,,,,
,,,475000,,,,,,
,,,475001,,,,,,
,,,475002,,,,,,
,,,475003,,,,,,
,,,475004,,,,,,
,,,475005,,,,,,
,,,475006,,,,,,
,,,475010,,,,,,
,,,475011,,,,,,
,,,475012,,,,,,
,,,475013,,,,,,
,,,475014,,,,,,
,,,475015,,,,,,
,,,475016,,,,,,
,,,475017,,,,,,
,,,475018,,,,,,
,,,475019,,,,,,
,,,475020,,,,,,
,,,475021,,,,,,
,,,475022,,,,,,
,,,475023,,,,,,
,,,475024,,,,,,
,,,475025,,,,,,
,,,475029,,,,,,
,,,475030,,,,,,
,,,475031,,,,,,
,,,475032,,,,,,
,,,475033,,,,,,
,,,475034,,,,,,
,,,475035,,,,,,
,,,475036,,,,,,
,,,475037,,,,,,
,,,475038,,,,,,
,,,475039,,,,,,
,,,475040,,,,,,
,,,475041,,,,,,
,,,475042,,,,,,
,,,475043,,,,,,
,,,475044,,,,,,
,,,475048,,,,,,
,,,475049,,,,,,
,,,475050,,,,,,
,,,475051,,,,,,
,,,475052,,,,,,
,,,475053,,,,,,
,,,475054,,,,,,
,,,475055,,,,,,
,,,475056,,,,,,
,,,475057,,,,,,
,,,475058,,,,,,
,,,475059,,,,,,
,,,475060,,,,,,
,,,475061,,,,,,
,,,475062,,,,,,
,,,475063,,,,,,
,,,475067,,,,,,
,,,475068,,,,,,
,,,475069,,,,,,
,,,475070,,,,,,
,,,475071,,,,,,
,,,475072,,,,,,
,,,475073,,,,,,
,,,475074,,,,,,
,,,475075,,,,,,
,,,475076,,,,,,
,,,475077,,,,,,
,,,475078,,,,,,
,,,475079,,,,,,
,,,475080,,,,,,
,,,475081,,,,,,
,,,475082,,,,,,
,,,475084,,,,,,
,,,475085,,,,,,
,,,475086,,,,,,
,,,475087,,,,,,
,,,475088,,,,,,
,,,475089,,,,,,
,,,475090,,,,,,
,,,475091,,,,,,
,,,475092,,,,,,
,,,475094,,,,,,
,,,475095,,,,,,
,,,475096,,,,,,
,,,475097,,,,,,
,,,475098,,,,,,
,,,475099,,,,,,
,,,475100,,,,,,
,,,475101,,,,,,
,,,475102,,,,,,
,,,475103,,,,,,
,,,475104,,,,,,
,,,475105,,,,,,
,,,475106,,,,,,
,,,475107,,,,,,
,,,476961,,,,,,
,,,476962,,,,,,
,,,480238,,,,,,
,,,480239,,,,,,
,,,480240,,,,,,
,,,480241,,,,,,
,,,480242,,,,,,
,,,480249,,,,,,
,,,480250,,,,,,
,,,480251,,,,,,
,,,480252,,,,,,
,,,480253,,,,,,
,,,480784,,,,,,
,,,480785,,,,,,
,,,480786,,,,,,
,,,480787,,,,,,
,,,480788,,,,,,
,,,480789,,,,,,
,,,480790,,,,,,
,,,480791,,,,,,
,,,480792,,,,,,
,,,480793,,,,,,
,,,480794,,,,,,
,,,480795,,,,,,
,,,480796,,,,,,
,,,480797,,,,,,
,,,480798,,,,,,
,,,480799,,,,,,
,,,480800,,,,,,
,,,480801,,,,,,
,,,480802,,,,,,
,,,480803,,,,,,
,,,480804,,,,,,
,,,480807,,,,,,
,,,480808,,,,,,
,,,480809,,,,,,
,,,480810,,,,,,
,,,480811,,,,,,
,,,480812,,,,,,
,,,480813,,,,,,
,,,480814,,,,,,
,,,480815,,,,,,
,,,480816,,,,,,
,,,480817,,,,,,
,,,482101,,,,,,
,,,482102,,,,,,
,,,482103,,,,,,
,,,482104,,,,,,
,,,482332,,,,,,
,,,482333,,,,,,
,,,482334,,,,,,
,,,482335,,,,,,
,,,482336,,,,,,
,,,482337,,,,,,
,,,482338,,,,,,
,,,483845,,,,,,
,,,483846,,,,,,
,,,483847,,,,,,
,,,485718,,,,,,
,,,485719,,,,,,
,,,485720,,,,,,
,,,485721,,,,,,
,,,485722,,,,,,
,,,485731,,,,,,
,,,485732,,,,,,
,,,485733,,,,,,
,,,485734,,,,,,
,,,485735,,,,,,
,,,485745,,,,,,
,,,485746,,,,,,
,,,485747,,,,,,
,,,485748,,,,,,
,,,485756,,,,,,
,,,485757,,,,,,
,,,485758,,,,,,
,,,485759,,,,,,
,,,485774,,,,,,
,,,485775,,,,,,
,,,485776,,,,,,
,,,485777,,,,,,
,,,485778,,,,,,
,,,485787,,,,,,
,,,485788,,,,,,
,,,485789,,,,,,
,,,485790,,,,,,
,,,485791,,,,,,
,,,485800,,,,,,
,,,485801,,,,,,
,,,485802,,,,,,
,,,485803,,,,,,
,,,485804,,,,,,
,,,485814,,,,,,
,,,485815,,,,,,
,,,485816,,,,,,
,,,485817,,,,,,
,,,485825,,,,,,
,,,485826,,,,,,
,,,485827,,,,,,
,,,485828,,,,,,
,,,485832,,,,,,
,,,491914,,,,,,
,,,491915,,,,,,
,,,491916,,,,,,
,,,491917,,,,,,
,,,491918,,,,,,
,,,493607,,,,,,
,,,494507,,,,,,
,,,496358,,,,,,
,,,496359,,,,,,
,,,496360,,,,,,
,,,496361,,,,,,
,,,496362,,,,,,
,,,496363,,,,,,
,,,496364,,,,,,
,,,496365,,,,,,
,,,496366,,,,,,
,,,496367,,,,,,
,,,497544,,,,,,
,,,497545,,,,,,
,,,497546,,,,,,
,,,497547,,,,,,
,,,497548,,,,,,
,,,498209,,,,,,
,,,498210,,,,,,
,,,498211,,,,,,
,,,498213,,,,,,
,,,498214,,,,,,
,,,498215,,,,,,
,,,498217,,,,,,
,,,498218,,,,,,
,,,498219,,,,,,
,,,498221,,,,,,
,,,498222,,,,,,
,,,498223,,,,,,
,,,498225,,,,,,
,,,498226,,,,,,
,,,498227,,,,,,
,,,498955,,,,,,
,,,498956,,,,,,
,,,498957,,,,,,
,,,498958,,,,,,
,,,498959,,,,,,
,,,498960,,,,,,
,,,498961,,,,,,
,,,498962,,,,,,
,,,498963,,,,,,
,,,498964,,,,,,
,,,499674,,,,,,
,,,503796,,,,,,
,,,503797,,,,,,
,,,503798,,,,,,
,,,503799,,,,,,
,,,503800,,,,,,
,,,503801,,,,,,
,,,503802,,,,,,
,,,506504,,,,,,
,,,506505,,,,,,
,,,506507,,,,,,
,,,506508,,,,,,
,,,506509,,,,,,
,,,506510,,,,,,
,,,506511,,,,,,
,,,506512,,,,,,
,,,506513,,,,,,
,,,506514,,,,,,
,,,506515,,,,,,
,,,506516,,,,,,
,,,506517,,,,,,
,,,506518,,,,,,
,,,506519,,,,,,
,,,506520,,,,,,
,,,506521,,,,,,
,,,506522,,,,,,
,,,506523,,,,,,
,,,506835,,,,,,
,,,506836,,,,,,
,,,506837,,,,,,
,,,507808,,,,,,
,,,507809,,,,,,
,,,510748,,,,,,
,,,510749,,,,,,
,,,510750,,,,,,
,,,510751,,,,,,
